title,state,area,phone,licence_number,licence_expiry,website,email,shared_price,private_price,pricing_display,has_gps,rating,photos,status
Loving Mansion Care Centre,Johor,Johor Bahru,+60 12-306 5355,J/PJBWE 091/2025,05.12.2025 - 04.12.2030,https://lovingmansion.com/%3Futm_source%3Dgmb%26utm_medium%3Dreferral,,"RM 2,500",,"From RM 2,500/month",yes,5,yes,live
FCC Family Care Centre Johor Bahru,Johor,Johor Bahru,+60 17-709 7909,J/PJBWT066/2024,05.12.2024 - 04.12.2029,http://familycarecentre.co/,,RM 600,"RM 4,300","Shared: RM 600 | Private: RM 4,300",yes,4.9,yes,live
Evergreen ElderCare Centre EECMSIA,Johor,Johor Bahru,+60 14-338 4549,J/PJBWE002/26,26.01.2026 - 31.12.2030,http://www.eecmsia.com/,,,,Call for pricing,yes,4.8,yes,live
EHA Elder Care Home (Kluang),Johor,"Kluang, Johor",+60197133697,J/PJB WT 045/2023,22.11.2023 - 21.11.2028,https://ehaeldercare.com.my/our-locations/eha-eldercare-home-kluang-johor/,,,"RM 2,300","From RM 2,300/mo",yes,5,yes,live
Gentle Hill Elder Care,Johor,"Kulai, Johor",+60 16-822 2599,J/PJBWE086/2025,14.11.2025 - 13.11.2030,http://gentlehill.my/,,,,Call for pricing,yes,4.9,yes,live
Pusat Jagaan V.R Melodies Old Folks Home,Johor,Senai,+60 7-598 9676,J/PJBWE018/2026,27.02.2026 - 26.02.2031,,,,,Call for pricing,yes,5,yes,unverified
Pusat Jagaan Pawana Sutera,Johor,Kluang,+60 7-772 0889,J/PJB WT 25/2024,15.05.2024 - 14.05.2029,,,,,Call for pricing,yes,4,yes,unverified
Miriam Home- prefer donation address,Johor,Kluang,+60 7-773 0580,J/PJB WT 032/2021,15.06.2021 - 14.06.2026,,,,,Call for pricing,yes,4.8,yes,unverified
Noble Care,Johor,"Tampoi, Johor Bahru",+60 16-778 6795,B/PJB WT 011/2021,23.06.2021 - 22.06.2026,http://www.mynoblecare.com/,,,,Call for pricing,yes,4.4,yes,live
"Yong An Old Folks Care Centre - Ulu Tiram, JB",Johor,Ulu Tiram,+60 10-222 2566,J/PJB WT 34/2024,19.06.2024 - 18.06.2029,https://yongan-evercare.com/,,"RM 2,400","RM 2,700","Shared: RM 2,400 | Private: RM 2,700",yes,4,yes,live
Blissful Senior Care Centre,Johor,"Kluang, Johor",+60 19-735 7353,J/PJBWE 045/2025,25.06.2025 - 24.06.2030,,,,,Contact for rates,yes,4.8,yes,live
JR Segamat Care Centre,Johor,Segamat District,+60 12-988 7429,M/PJB WE 019 / 2023,26.06.2023 - 25.06.2028,https://johnsonresidence.com.my/,keeannmelaka@gmail.com,,,Call for pricing,yes,5,yes,live
Golden Age Care Centre,Johor,"Muar, Johor",+60 6-952 7711,J/PJB WT 030/2024,29.05.2024 - 28.05.2029,https://gacc.com.my,,,,Contact for rates,yes,3.9,yes,live
Pusat Jagaan Warga Istimewa Triple One Tangkak,Johor,Tangkak,+60 16-200 8448,J/PJBWE017/2026,26.02.2026 - 25.02.2031,,,,,Call for pricing,yes,4.9,yes,unverified
Pusat Jagaan Murni Bahagia,Johor,Bukit Siput,+60 12-972 8982,J/PJB WT 022/2022,18.07.2022 - 17.07.2027,,,,,Call for pricing,yes,3,yes,unverified
Rumah Orang Tua Bukit Siput,Johor,Bukit Siput,,J/PJB WT 002/2023,02.01.2023 - 01.01.2028,,,,,Call for pricing,yes,5,yes,unverified
Master Care Centre • Taman Abad,Johor,Johor Bahru,+60 11-1080 1805,J/PJBWE006/2026,13.01.2026 - 12.01.2031,,,,,Call for pricing,yes,4.7,yes,live
Fu Ka Care Center,Johor,"Kempas Baru, Johor Bahru",+60 19-381 4521,J/PJBWE003/2026,13.01.2026 - 01.01.2031,https://web.facebook.com/fukacarecenter,,,,Contact for rates,yes,5,yes,live
Sincere Heart Care Centre 爱馨养老院,Johor,Muar,+60 12-696 9403,J/PJB WT 042/2024,08.10.2024 - 07.10.2029,,,,,Call for pricing,yes,5,yes,live
Ummi Naura Care Centre,Johor,Muar,+60 13-979 6861,J/PJB WT 045/2020,31.12.2020 - 30.12.2025,http://umminauracarecentre.wordpress.com/,,,,Call for pricing,yes,,yes,live
Lilly Loving Hut Home Care,Johor,Batu Pahat,+60 13-781 2289,J/PJB WT 049/2022,15.11.2022 - 14.11.2027,,,,,Call for pricing,yes,4.3,yes,unverified
Caring Nursing Home,Johor,Batu Pahat,+60 7-435 2388,J/PJB WT 051/2021,28.11.2021 - 27.11.2026,,,,,Call for pricing,yes,,yes,unverified
Pusat Jagaan Warga Tua Hayati Care Centre,Johor,Batu Pahat,+60 11-7023 3470,J/PJBWT046/2024,28.11.2024 - 27.11.2029,,hayaticarecentre@gmail.com,,,Call for pricing,yes,4.9,yes,live
Golden Age Care Centre Batu Pahat,Johor,Batu Pahat,+60 12-771 1083,M/PJB WT 017 / 2021,21.04.2021 - 20.04.2026,https://www.gacc.com.my/index,goledenagecare01@gmail.com,,,Call for pricing,yes,1.3,yes,live
Pusat Jagaan Impian Syimah (Jalan Kemaman),Johor,Johor Bahru,+60 13-750 7134,J/PJB WT 030/2020,12.10.2020 - 11.10.2025,https://www.facebook.com/PusatJagaanImpianSyimah,,,,Contact for rates,yes,5,yes,live
Pusat Jagaan Ler Lin,Johor,Kluang,+60 7-773 8252,J/PJBWT022/2025,23.01.2025 - 22.01.2030,,,,,Call for pricing,yes,4.7,yes,unverified
Magna Resort Sdn. Bhd.,Johor,Johor Bahru,+60 7-234 8899,J/PJB WT 041/2023,22.11.2023 - 21.11.2028,,,,,Call for pricing,yes,,yes,removed
Pusat Sri Kenangan,Johor,Muar,+60 12-998 3690,J/PJB WT 016/2023,17.04.2023 - 16.04.2028,,,,,Call for pricing,yes,3,yes,unverified
Jeta Care,Johor,"Kulai, Johor",+60 7-663 6888,J/PJB WT 010/2022,24.02.2022 - 23.02.2027,http://www.jetacare.com/,,3001,6000,"RM 3,001–6,000/mo (2020 — confirm)",yes,,yes,live
Golden Years Senior Residence Kinrara Puchong,Selangor,Bandar Kinrara,+60 11-6332 2833,B/PJB WT 017/2023,06.10.2023 - 05.10.2028,,,,,Call for pricing,yes,4.7,yes,live
Unique Family Care Center,Selangor,Taman Puchong Utama,+60 14-332 7562,B/PJBWT 007/2023,05.05.2023 - 04.05.2028,,,,,Call for pricing,yes,4.9,yes,live
Noble Care Retirement Home,Selangor,Kampung Sungai Sekamat,+60 16-278 6993,B/PJB WT 008/2026,14.04.2026 - 13.04.2031,,,,,Call for pricing,yes,4.8,yes,live
Love and Care Centre Kajang,Selangor,Taman Sakap,+60 3-8733 8075,B/PJBWT 005/2023,10.04.2023 - 09.04.2028,,,,,Call for pricing,yes,3.8,yes,live
Ampang Old Folks Home,Selangor,Kampung Baru Ampang,+60 3-4291 8978,B/PJB WT 006/2026,30.03.2026 - 29.03.2031,,,,,Call for pricing,yes,4.5,yes,live
Aurora Home Care Centre,Selangor,Kawasan 17,+60 16-690 6333,B/PJB WT 006/2025,11.07.2025 - 10.07.2030,,,,,Call for pricing,yes,5,yes,live
Happy Family Nursing Home (Cheras) (Pusat Jagaan Warga Emas Taman Sri Bahtera),Kuala Lumpur,Taman Sri Bahtera,+60 19-777 7328,W/PJB WT 005/2024,09.02.2024 - 08.02.2029,,,,,Call for pricing,yes,3,yes,live
Happy Family Nursing Home (Taman Desa Jaya) (Pusat Jagaan Warga Emas Desa Jaya),Kuala Lumpur,Taman Desa Jaya,+60 19-777 7328,B/PJB WT 021/2023,21.11.2023 - 20.11.2028,,,,,Call for pricing,yes,5,yes,live
Pusat Jagaan Warga Emas Barakah,Selangor,Saujana Rawang,+60 12-272 9198,B/PJB WT 013/2025,14.11.2025 - 13.11.2030,,,,,Call for pricing,yes,3.7,yes,live
Pusat Jagaan Warga Emas Semenyih,Selangor,Bandar Teknologi Kajang,+60 10-253 6750,B/PJB  WT 009/2019,31.12.2019 - 30.12.2024,,,,,Call for pricing,yes,1,yes,live
Synergy Care Centre,Selangor,USJ Sentral,+60 12-503 8929,B/PJBWT 008/2022,12.05.2022 - 11.05.2027,,,,,Call for pricing,yes,4.8,yes,live
Pusat Jagaan Warga Tua Impresif,Selangor,Pjs 7,+60 3-7954 9008,B/PJB WT 016/2021,22.10.2021 - 21.10.2026,,,,,Call for pricing,yes,4.8,yes,live
My Precious Home Care Elder Care,Selangor,Grandville,+60 16-311 9469,B/PJB WT 011/2025,24.10.2025 - 23.10.2030,http://www.myprecioushomecare.com/,,,,Call for pricing,yes,4.7,yes,live
De Luxe Retirement Nursing Home Petaling Jaya (House 39),Selangor,Kampung Tunku,+60 12-291 3336,B/PJBWT 016/2022,04.11.2022 - 03.11.2027,,,,,Call for pricing,yes,4.9,yes,live
Dementia Care Centre,Johor,Johor,03-61222000,W/PJH WE 004/2026,30.03.2026 - 29.03.2031,,,,,,yes,,no,live
Merry Care Kepong Baru 1,Kuala Lumpur,Kepong Baru,+6014-636 6884,W/PJB WT 016/2023,04.07.2023 - 03.07.2028,https://www.elderlycare.my/merry-care/merry-care-kepong-baru-1,,"RM 2,500",,"From RM 2,500/mo",yes,5,yes,live
Pusat Jagaan En Yuan (Cheras),Selangor,Kampung Cheras Baru,03-4288 3001,W/PJB WT 008/2021,13.12.2021 - 12.12.2026,,,,,,yes,4.2,no,live
Pusat Jagaan Selangor King George V Silver Jubilee Fund,Selangor,Pudu,03-92234891,W/PJB WT 006/2022,27.06.2022 - 26.06.2027,,ksmanagamentkl@gmail.com,,,,yes,4.8,no,live
Berniece Care Service Centre,Selangor,Sentul,03-40439507,W/PJB WT 004/2021,18.05.2021 - 17.05.2026,http://berniececareservice.com/,,,,,yes,5,no,live
Green Cottage Retirement and Nursing Home,Selangor,Taman Westpool,03-7781 2466,A/PJB WT 024/2021,30.04.2021 - 29.04.2026,http://www.gcretirementhome.com/,,,,,yes,,no,unverified
Pusat Jagaan Chik Sin Thong Klang Dan Pantai Selangor,Selangor,Taman Sri Andalas,03-33717822,B/PJBWT 009/2022,27.07.2022 - 26.07.2027,https://cst-oldfolkshome.com/,,,,,yes,4.1,yes,live
Pusat Jagaan Beverly Care Home,Selangor,Selangor,03-87370076,B/PJB WT 002/2020,12.02.2020 - 11.02.2025,,,,,,yes,,no,live
"Sam Ching Kong Old Folks Home, Hulu Langat",Selangor,Kampung Kenangan 18,03-90211498,B/PJBWT 013/2022,18.10.2022 - 17.10.2027,https://www.facebook.com/samchingkong/,,,,,yes,4.8,yes,live
Pusat Warga Mas Penyayang,Selangor,Taman Serdang Jaya,03-89539932,B/PJB WT 020/2021,03.12.2021 - 02.12.2026,https://www.facebook.com/pages/Kuan-Ai-Pusat-Warga-Mas-Penyayang/690891977637258?sk=timeline,,,,,yes,3.6,yes,live
Pusat Jagaan Rumah Nur Hasanah,Selangor,Kampung Sesapan Kelubi,03-87668100,B/PJBWT 014/2023,04.08.2023 - 03.08.2028,https://m.facebook.com/pages/category/Community-Organization/Pusat-Jagaan-Nur-Hasanah-185220148192533/,,,,,yes,4.5,yes,live
Stella Maris Home Plt Care Centre,Selangor,Seksyen 6,03-79606070,B/PJB WT 020/2023,21.11.2023 - 20.11.2028,,,,,,yes,4.6,no,live
My Aged Care Sdn. Bhd,Selangor,Selangor,03-79322638,B/PJB WT 023/2023,13.12.2023 - 12.12.2028,https://myagedcare.com.my/,,,,,yes,,no,live
'Love And Care' Care Centre,Perak,,+6052825067,A/PJB WT 034/2022,,,,,,,yes,,no,unverified
'My Place Convalescent Home' Care Centre,Perak,,+60125001077,A/PJB WT 054/2022,,,,,,,yes,,no,unverified
916 HOME CARE CENTRE,Kuala Lumpur,,+60122945988,W/PJB WT 001/2022,,,,,,,yes,,no,unverified
AFH CARE CENTRE,Selangor,,+60362633824,B/PJBWT 011/2022,,,,,,,yes,,no,unverified
Ailins Home Care Centre,Melaka,,+60126191892,M/PJB WT 015 / 2022,,,,,,,yes,,no,unverified
AIM HEALTH CARE CENTRE,Selangor,,+60122865039,B/PJB WT 016/2025,,,,,,,yes,,no,unverified
ALDA CARE CENTRE,Johor,,+60107128260,J/PJBWT029/2021,,,,,,,yes,,no,unverified
ALDA CARE CENTRE (CAWANGAN),Johor,,+60127212388,J/PJBWE071/2025,,,,,,,yes,,no,unverified
ALEXA VILLA SENIOR CARE CENTRE,Negeri Sembilan,,+60136319956,N/PJB WT 15/2023,,,,,,,yes,,no,unverified
ALEXA VILLA SENIOR CARE CENTRE (CAW),Negeri Sembilan,,+60186614856,N/PJB WE 40/2024,,,,,,,yes,,no,unverified
ALOHA HOME CARE CENTRE,Selangor,,+60378650805,B/PJB WT 009/2026,,,,,,,yes,,no,unverified
Alor Akar Care Centre,Pahang,,+60199868879,C/PJB WE 001/2024,,,,,,,yes,,no,unverified
ANGLICAN RETIREMENT KAMPONG CARE CENTRE,Sabah,,+6088389013,S/PJB WT/03-2025,,,,,,,yes,,no,unverified
Anson Home Care Centre,Perak,,+60125926058,A/PJB WT 032/2021,,,,,,,yes,,no,unverified
Anson Senior Care Centre,Perak,,+6056218969,A/PJB WT 025/2022,,,,,,,yes,,no,unverified
Anson Senior Care Centre,Perak,,+60172413007,A/PJB WT 026/2023,,,,,,,yes,,no,unverified
APEX HOME CARE CENTRE,Selangor,,+60124776643,B/PJB WT 004/2024,,,,,,,yes,,no,unverified
ARA WOODS SENIOR CARE CENTRE,Selangor,,+60122962082,B/PJHWT 001/2022,,,,,,,yes,,no,unverified
AURORA CARING CARE CENTRE,Selangor,,+60163383947,B/PJB WT 020/2024,,,,,,,yes,,no,unverified
AURORA HOME CARE CENTRE (3),Selangor,,+60163383947,B/PJB WT 007/2026,,,,,,,yes,,no,unverified
BELINDA ELDERLY CARE CENTRE,Selangor,,+601112302173,B/PJBWT 006/2023,,,,,,,yes,,no,unverified
Beringin Park Care Centre,Melaka,,+60122501163,M/PJB WT 005 / 2021,,,,,,,yes,,no,unverified
Beringin Park Care Centre,Melaka,,+60122501163,M/PJB WT 006 / 2021,,,,,,,yes,,no,unverified
BETHANY HOME,Sabah,,+6088241457,S/PJB WT/004-2024,,,,,,,yes,,no,unverified
BIDADARI RETREAT CARE CENTRE,Kedah,,+60124992352,K/PJB WE021/2025,,,,,,,yes,,no,unverified
BIG HEART GOLDEN CARE CENTRE,Johor,,+6073383055,J/PJB WT 004/2021,,,,,,,yes,,no,unverified
BLISSFUL HEART  CARE CENTRE,Selangor,,+60112708046,B/PJB WT 002/2025,,,,,,,yes,,no,unverified
Bougainvillea Care Centre,Perak,,+60103964289,A/PJB WT 042/2023,,,,,,,yes,,no,unverified
BSC Eldercare Centre Sdn Bhd,Penang,,+60164471979,P/PJH WT 005/2024,,,,,,,yes,,no,unverified
Care Villa Care Centre,Perak,,+60125103690,A/PJB WT 051/2022,,,,,,,yes,,no,unverified
CAREFREE CARE CENTRE,Johor,,+60122319829,J/PJBWE082/2025,,,,,,,yes,,no,unverified
Caring Heart Home Care Centre,Perak,,+60125229824,A/PJB WT 042/2024,,,,,,,yes,,no,unverified
Centenarian Care Centre,Kuala Lumpur,,+60192238338,W/PJB WT 005/2021,,,,,,,yes,,no,unverified
CHARIS HOME CARE CENTRE,Negeri Sembilan,,+60103662952,N/ PJB WT 14/2023,,,,,,,yes,,no,unverified
CHERISH CARE CENTRE,Selangor,,+60132073634,B/PJBWT 012/2022,,,,,,,yes,,no,unverified
CHRISTINAS HOME CARE CENTRE,Selangor,,+60377733750,B/PJB WT 004/2026,,,,,,,yes,,no,unverified
CITADEL CARE CENTRE,Selangor,,+60374538996,B/PJB WT 018/2021,,,,,,,yes,,no,unverified
Comfort Aged Care Centre,Sabah,,+60198811030,S/PJBWT/001-2024,,,,,,,yes,,no,unverified
COMFORT VILLE CARE CENTRE,Johor,,+60167782447,J/PJBWT067/2024,,,,,,,yes,,no,unverified
Comfortable Home Care Centre,Perak,,+60125579912,A/PJB WT 039/2024,,,,,,,yes,,no,unverified
Comfortable Home Daycare Centre,Perak,,+60125299833,A/PJB WT 010/2019,,,,,,,yes,,no,unverified
CRYSTALFONT CARE CENTRE,Johor,,+60138238099,J/PJBWT065/2024,,,,,,,yes,,no,unverified
CT NURSE CARE CENTRE,Sabah,,+6088213575,S/PJB WT/001-2021,,,,,,,yes,,no,unverified
D ALIFF CARE CENTRE,Johor,,+60167512511,J/PJBWT018/2025,,,,,,,yes,,no,unverified
D Palace Care Centre,Perak,,+60165554935,A/PJB WT 063/2021,,,,,,,yes,,no,unverified
D Palace Care Centre,Perak,,+60165554935,A/PJB WT 031/2023,,,,,,,yes,,no,unverified
De Elderly Care Centre,Perak,,+60108237933,A/PJB WE 014/2025,,,,,,,yes,,no,unverified
DE HOME CARE CENTRE,Selangor,,+60333585252,B/PJB WT 012/2025,,,,,,,yes,,no,unverified
De Home Care Centre,Perak,,+60165900291,A/PJB WT 022/2020,,,,,,,yes,,no,unverified
Dr. Thomas Care Centre,Perak,,+60125819551,A/PJB WT 045/2021,,,,,,,yes,,no,unverified
Edelweiss Elderly Care Centre,Melaka,,+60,M/PJB WE  024 / 2023,,,,,,,yes,,no,unverified
Eden on The Park Care Residence,Sarawak,,+6082505015,Q/PJB WT/008/2020,,,,,,,yes,,no,unverified
Elaine Elderly Healthcare Centre,Penang,,+60164388964,P/PJB WT 038/2021,,,,,,,yes,,no,unverified
Elaine Elderly Healthcare Centre,Penang,,+60164388964,P/PJB WT 016/2025,,,,,,,yes,,no,unverified
Elaine Elderly Healthcare Centre,Penang,,+60164388964,P/PJB WT 027/2022,,,,,,,yes,,no,unverified
ELDERLOVE CARE CENTRE,Selangor,,+60123495811,B/PJB WT 014/2025,,,,,,,yes,,no,unverified
ELDERLOVE LIVING CARE CENTRE,Selangor,,+60123495811,B/PJBWT 005/2022,,,,,,,yes,,no,unverified
Elders Home Care Centre,Melaka,,+60122908103,M/PJB WT 006 / 2019,,,,,,,yes,,no,unverified
Elders Home Plus Care Centre Sdn. Bhd.,Melaka,,+60122908103,M/PJB WT 001 / 2022,,,,,,,yes,,no,unverified
EMERALD ELDERLY CARE CENTRE,Selangor,,+60123030670,B/PJB WT 004/2025,,,,,,,yes,,no,unverified
Evergreen Care Centre,Perak,,+60165262817,A/PJB WT 047/2022,,,,,,,yes,,no,unverified
EVERGREEN SENIOR LIVING CARE CENTRE,Selangor,,+60123311121,B/PJBWT 010/2023,,,,,,,yes,,no,unverified
Everlasting Senior Care Centre,Perak,,+60195906968,A/PJB WE 012/2026,,,,,,,yes,,no,unverified
EVERSHINE ELDERLY HOME CARE CENTRE,Selangor,,+60377815433,B/PJB WT 009/2024,,,,,,,yes,,no,unverified
EXODUS SHELTER CARE CENTRE,Johor,,+60197766381,J/PJB WT 045/2021,,,,,,,yes,,no,unverified
Faith Care Centre,Perak,,+60135136755,A/PJB WT 066/2024,,,,,,,yes,,no,unverified
FAMILIES  CARE CENTRE,Selangor,,+601110973931,B/PJB WT 010/2025,,,,,,,yes,,no,unverified
FAVOURITE HOME CARE CENTRE,Selangor,,+60162080671,B/PJB WT 016/2023,,,,,,,yes,,no,unverified
GABRIEL ELDERCARE CENTRE,Johor,,+60182687757,J/PJHWE062/2025,,,,,,,yes,,no,unverified
Global Village Care Centre,Perak,,+60125236257,A/PJB WT 070/2021,,,,,,,yes,,no,unverified
GM CARE CENTRE,Johor,,+6077743788,J/PJB WT 013/2023,,,,,,,yes,,no,unverified
Golden Age Care Centre Sdn. Bhd,Johor,,+6069533355,J/PJB WT 030/2024,,,,,,,yes,,no,unverified
Golden Apple Care Centre,Perak,,+601126282313,A/PJB WT 030/2024,,,,,,,yes,,no,unverified
Golden Apple Senior Citizen Care Centre,Perak,,+60143029933,A/PJB WT 044/2022,,,,,,,yes,,no,unverified
GOLDEN CARE CENTRE,Kedah,,,K/PJB WE 016/2025,,,,,,,yes,,no,unverified
Golden Eldercare Senior Living Care Centre PLT,Perak,,+60149276960,A/PJB WE 010/2025,,,,,,,yes,,no,unverified
Golden Eldercare Senior Living Care Centre PLT,Perak,,+60149276960,A/PJH WE 009/2025,,,,,,,yes,,no,unverified
Golden Home Elderly Care Centre,Penang,,+60149451986,P/PJB WT 002/2024,,,,,,,yes,,no,unverified
Golden Living Care Centre Sdn Bhd,Penang,,+60124888868,P/PJB WT 014/2024,,,,,,,yes,,no,unverified
GOLDEN ROOTS ELDER CARE CENTRE,Selangor,,+60378656228,B/PJB WT 018/2025,,,,,,,yes,,no,unverified
GOLDEN ROOTS ELDER CARE CENTRE (2),Selangor,,+60108818806,B/PJB WT 015/2024,,,,,,,yes,,no,unverified
Good Care Centre,Perak,,+60165445229,A/PJB WE 033/2025,,,,,,,yes,,no,unverified
Grace Care Centre,Perak,,+60125063460,A/PJB WT 005/2023,,,,,,,yes,,no,unverified
GRACE OLD FOLKS HOME CARE CENTRE,Sabah,,+60128276288,S/PJBWT/001-2022,,,,,,,yes,,no,unverified
GRACE OLD FOLKS HOME CARE CENTRE,Sabah,,+60128276288,S/PJB WT/01-2022,,,,,,,yes,,no,unverified
GRACEVILLE SENIOR CARE CENTRE,Johor,,+6069524950,J/PJB WT 007/2022,,,,,,,yes,,no,unverified
Green Garden Care Centre Sdn. Bhd,Johor,,+60127314888,J/PJBWE014/2026,,,,,,,yes,,no,unverified
Green Gates Care Centre,Perak,,+6055486838,A/PJB WT 025/2021,,,,,,,yes,,no,unverified
Green Gates Elderly Care Centre,Perak,,+6055467832,A/PJB WT 026/2021,,,,,,,yes,,no,unverified
GREEN MEDICARE HOUSE CARE CENTRE,Selangor,,+60126801505,B/PJBWT 001/2023,,,,,,,yes,,no,unverified
GRG Senior Care Centre,Perak,,+6055461223,A/PJB WT 023/2024,,,,,,,yes,,no,unverified
HAPPINESS HOME CARE CENTRE PLT,Negeri Sembilan,,+60123517806,N/PJBWE022/2025,,,,,,,yes,,no,unverified
HAPPY LIFE CARE CENTRE,Negeri Sembilan,,+60166025045,N/PJB WE 11/2024,,,,,,,yes,,no,unverified
HAPPY LIFE CARE CENTRE (CAWANGAN),Negeri Sembilan,,+60138347054,N/PJB WT 04/2022,,,,,,,yes,,no,unverified
Happy Old Folk Care Centre,Kuala Lumpur,,+60163159778,W/PJB WT 019/2023,,,,,,,yes,,no,unverified
Happy Old Folks Care Centre,Perak,,+60165951750,A/PJB WT 043/2024,,,,,,,yes,,no,unverified
Happy Old Folks Care Centre,Perak,,+60165951750,A/PJB WT 021/2020,,,,,,,yes,,no,unverified
Happy Old Folks Home,Perak,,+60165951750,A/PJB WT 011/2019,,,,,,,yes,,no,unverified
Happy Retirement Home Care Centre,Penang,,,P/PJB WT 005/2025,,,,,,,yes,,no,unverified
HOLY FAMILY RESIDENCE FOR SENIOR CITIZENS,Sabah,,+60138709800,S/PJB WT/002-2022,,,,,,,yes,,no,unverified
HOUSE OF MEGAWAY CARE CENTRE (CAW),Negeri Sembilan,,+60196219723,N/PJB WE 19/2024,,,,,,,no,,no,unverified
HOUSE OF MEGAWAYS CARE CENTRE,Negeri Sembilan,,+60196219723,N/PJB WT 07/2023,,,,,,,yes,,no,unverified
HPY Old Folk Care Centre,Kuala Lumpur,,+60122262218,W/PJB WT 018/2023,,,,,,,yes,,no,unverified
HUAIDER CARE CENTRE,Selangor,,+60189602883,B/PJB WT 007/2024,,,,,,,yes,,no,unverified
I HOME CARE CENTER,Johor,,+601165165605,J/PJBWE 069/2025,,,,,,,yes,,no,unverified
Ideal Care Centre,Perak,,+60165570036,A/PJB WT 049/2022,,,,,,,yes,,no,unverified
IG Care Centre,Perak,,+60126942882,A/PJB WT 020/2020,,,,,,,yes,,no,unverified
Jawi Care Centre,Penang,,+60175802909,P/PJBWT043/2022,,,,,,,yes,,no,unverified
JJ Blessing Care Centre,Kuala Lumpur,,+601123762202,W/PJB WT 009/2024,,,,,,,yes,,no,unverified
JOYFUL HOME ELDERLY CARE CENTRE,Selangor,,+60169287123,B/PJB WT 012/2024,,,,,,,yes,,no,unverified
JOYHAVEN SENIOR CARE CENTRE,Selangor,,+60162700469,B/PJB WT 001/2026,,,,,,,yes,,no,unverified
Joyous Spring Sdn. Bhd. Care Centre,Melaka,,+60,M/PJH WE 029 / 2023,,,,,,,yes,,no,unverified
JR Pro Care Centre,Kuala Lumpur,,+60109088522,W/PJB WE 009/2025,,,,,,,yes,,no,unverified
KAI XIN HOME CARE CENTRE,Selangor,,+60166136619,B/PJB WT 017/2024,,,,,,,yes,,no,unverified
Keepers Dementia Care Centre Sdn Bhd,Penang,,+60124255695,P/PJB WT 016/2023,,,,,,,yes,,no,unverified
Keepers Medi Care Centre Sdn Bhd,Penang,,+60124255695,P/PJB WT 032/2025,,,,,,,yes,,no,unverified
Kindnest Care Centre,Kuala Lumpur,,+60174857361,W/PJB WT 015/2024,,,,,,,yes,,no,unverified
Labuan Aged Care Centre,Labuan,,+60198811030,L/PJH WE 001/2023,,,,,,,yes,,no,unverified
LECADIA PRIMA CARE CENTRE SDN BHD,Kuala Lumpur,,+60392220107,W/PJB WT 005/2022,,,,,,,yes,,no,unverified
Leisure Health Care Centre Sdn Bhd,Penang,,+60124940425,P/PJB WT 036/2023,,,,,,,yes,,no,unverified
Leisure Ville Care Centre,Perak,,+60125067404,A/PJB WT 025/2023,,,,,,,yes,,no,unverified
Light Divine Old Folks Care Centre,Perak,,+60146326983,A/PJB WT 013/2023,,,,,,,yes,,no,unverified
LITTLE SISTERS OF THE POOR,Kuala Lumpur,,+601113089955,W/PJB WT 002/2022,,,,,,,yes,,no,unverified
Little Sisters Of The Poor,Penang,,+6048283437,P/PJB WT 052/2021,,,,,,,yes,,no,unverified
LOTUS CARE CENTRE,Selangor,,+60379491881,B/PJBWT 004/2023,,,,,,,yes,,no,unverified
Lotus Geriatric Care Centre,Perak,,+60165555579,A/PJB WT 034/2023,,,,,,,yes,,no,unverified
Lotus Geriatric Care Centre,Perak,,+6056216375,A/PJB WT 068/2021,,,,,,,yes,,no,unverified
Lotus Geriatric Care Centre,Perak,,+60165555579,A/PJB WT 004/2022,,,,,,,yes,,no,unverified
Lovely Villa Care Centre,Perak,,+60125802213,A/PJB WT 060/2021,,,,,,,yes,,no,unverified
Loving Care Centre,Melaka,,+60105088191,M/PJB WT 023 / 2021,,,,,,,yes,,no,unverified
Lyna Care Centre,Melaka,,+6062810702,M/PJB WE  010 / 2024,,,,,,,yes,,no,unverified
M.Y. Comfort Home Care Centre,Kuala Lumpur,,+60123837741,W/PJB WT 004/2023,,,,,,,yes,,no,unverified
MADAM YAP CARE CENTRE,Negeri Sembilan,,+60126702466,N/PJB WT 08/2023,,,,,,,yes,,no,unverified
MADRE CARE CENTRE,Negeri Sembilan,,+60163219157,N/PJBWE002/2025,,,,,,,yes,,no,unverified
MAMA PAPA HOME CARE CENTRE,Kuala Lumpur,,+60162107049,W/PJB WT 004/2022,,,,,,,yes,,no,unverified
MAREEA CARE CENTRE,Johor,,+60106669408,J/PJB WT 025/2023,,,,,,,yes,,no,unverified
Medifa Home Care Centre,Perak,,+60172413007,A/PJB WT 026/2024,,,,,,,yes,,no,unverified
MERCY SENIOR CARE CENTRE,Negeri Sembilan,,+60126046615,N/PJB WT 12/2023,,,,,,,yes,,no,unverified
MERCY SENIOR CARE CENTRE SDN BHD,Negeri Sembilan,,+6066328828,N/PJB028/2025,,,,,,,yes,,no,unverified
MERIAN WELLBEING AGED CARE CENTRE,Selangor,,+60331234491,B/PJB WT 002/2026,,,,,,,yes,,no,unverified
Merry Care Centre,Kuala Lumpur,,+60123711318,W/PJB WT 016/2023,,,,,,,yes,,no,unverified
MOON CARE CENTRE SDN BHD (CAWANGAN KEDUA),Kedah,,+60193694461,K/PJB WE019/2025,,,,,,,yes,,no,unverified
Moonlight Care Centre,Perak,,+60125037779,A/PJB WT 017/2019,,,,,,,yes,,no,unverified
Moonlight Care Centre,Perak,,+6055496063,A/PJB WT 053/2022,,,,,,,yes,,no,unverified
Moonlight Care Centre,Perak,,+60125037779,A/PJB WT 004/2020,,,,,,,yes,,no,unverified
Moonlight Care Centre,Perak,,+6055496063,A/PJB WT 045/2024,,,,,,,yes,,no,unverified
MOTHER MARIA SENIOR CARE CENTRE,Negeri Sembilan,,+60136081579,N/PJB WE 24/2024,,,,,,,yes,,no,unverified
MY COMFORT HOME CARE CENTRE,Selangor,,+60122190637,B/PJB WT 003/2025,,,,,,,yes,,no,unverified
MY FATHER'S HOME CARE CENTRE,Selangor,,+60193868890,B/PJBWT 004/2022,,,,,,,yes,,no,unverified
MY KPJ HOME,Pahang,,+6095678588,C/P JB WE 009/2023,,,,,,,yes,,no,unverified
Northern Cherish Care Centre Sdn. Bhd.,Kedah,,+60125638049,K/PJB WT 011/2024,,,,,,,yes,,no,unverified
NORTHERN RETIREMENT CARE CENTRE,Kedah,,+60124548333,K/PJB WT 13/2023,,,,,,,yes,,no,unverified
ONE HOME CARE CENTRE,Sabah,,+60168802631,S/PJBWT/002-2024,,,,,,,yes,,no,unverified
ORCHIDS WELL CARE CENTRE,Negeri Sembilan,,+60126702466,N/PJHWE008/2025,,,,,,,yes,,no,unverified
Osem Care Sdn Bhd,Penang,,+60174878232,P/PJB WT 028/2025,,,,,,,yes,,no,unverified
Our Caring Home Care Centre,Perak,,+60165677565,A/PJB WT 035/2021,,,,,,,yes,,no,unverified
Our Home Care Centre,Perak,,+60195136661,A/PJB WT 056/2021,,,,,,,yes,,no,unverified
PASSION CARE CENTRE,Sabah,,+60138109963,S/PJB WT/001-2020,,,,,,,yes,,no,unverified
"Persatuan Kebajikan Ti-Ratana, Kuala Lumpur",Kuala Lumpur,,+60379881888,W/PJB WT 002/2021,,,,,,,yes,,no,unverified
PERTUBUHAN  PUSAT  AKTIVITI  WARGA EMAS  BESTARI  MACHANG,Kelantan,,+60148023612,D/PJH WE  11/2023,,,,,,,yes,,no,unverified
PERTUBUHAN KEBAJIKAN WARGA EMAS AL-QAID TANGKAK JOHOR,Johor,,+60197735103,J/PJBWE084/2025,,,,,,,yes,,no,unverified
"Pertubuhan Kebajikan Warga Tua ""Anning"" Teluk Intan, Perak",Perak,,+60165554130,A/PJB WT 012/2019,,,,,,,yes,,no,unverified
"Pertubuhan Kebajikan Warga Tua ""Anning"" Teluk Intan, Perak",Perak,,+60165554130,A/PJB WT 012/2019,,,,,,,yes,,no,unverified
Pertubuhan Pengurusan Rumah Kebajikan Warga Emas Sang Riang,Pahang,,+6092556675,C/P JB WE 010/2021,,,,,,,yes,,no,unverified
PERTUBUHAN PUSAT AKTIVITI WARGA EMAS DAERAH KUALA PILAH,Negeri Sembilan,,+60196540079,N/PJHWE009/2025,,,,,,,yes,,no,unverified
PERTUBUHAN PUSAT AKTIVITI WARGA EMAS DAERAH REMBAU,Negeri Sembilan,,+60165328217,N/PJHWE020/2025,,,,,,,no,,no,unverified
PERTUBUHAN PUSAT AKTIVITI WARGA EMAS MENTAKAB,Pahang,,+60129220558,C/PJHWE006/2026,,,,,,,yes,,no,unverified
PERTUBUHAN PUSAT AKTIVITI WARGA EMAS TAMPIN (PAWE),Negeri Sembilan,,+60173138550,N/PJHWE021/2025,,,,,,,no,,no,unverified
"Pertubuhan Wa Khiew Yi Shea Sungai Siput, Perak",Perak,,+60165663869,A/PJB WT 045/2018,,,,,,,yes,,no,unverified
PLEASURE CARE CENTRE (CAWANGAN),Johor,,+60127523136,J/PJBWE053/2025,,,,,,,yes,,no,unverified
PRESTIGE SENIOR CARE CENTRE,Negeri Sembilan,,+60163519444,N/PJB WE 18/2024,,,,,,,yes,,no,unverified
Pure Home Care Centre,Perak,,+60182331128,A/PJB WT 041/2021,,,,,,,yes,,no,unverified
Pure Home Care Centre,Perak,,+60125423770,A/PJB WT 041/2024,,,,,,,yes,,no,unverified
PUSAT  AKTIVITI WARGA  EMAS (PAWE) KEMUMIN,Kelantan,,+6097733023,D/PJH WE  002/2023,,,,,,,yes,,no,unverified
PUSAT  AKTIVITI WARGA EMAS (PAWE) DUNGUN,Terengganu,,+60148348430,T/PJHWE005/2026,,,,,,,no,,no,unverified
PUSAT  AKTIVITI WARGA EMAS (PAWE) KG RAJA  BESUT,Terengganu,,+60199347273,T/PJH WE 026/2023,,,,,,,yes,,no,unverified
PUSAT  AKTIVITI WARGA EMAS (PAWE) MARANG,Terengganu,,+60199455538,,,,,,,,no,,no,unverified
Pusat Aktiviti Warga Emas (PAWE) Daerah Bera,Pahang,,+60132477293,C/PJH WE 016/2023,,,,,,,yes,,no,unverified
PUSAT AKTIVITI WARGA EMAS (PAWE) KOMPLEKS PENYAYANG KUANTAN,Pahang,,+60199521144,C/PJHWE014/2024,,,,,,,yes,,no,unverified
PUSAT AKTIVITI WARGA EMAS BANDAR TUN RAZAK JENGKA,Pahang,,+60199604296,,,,,,,,yes,,no,unverified
PUSAT AKTIVITI WARGA EMAS HULU TERENGGANU,Terengganu,,+601119912238,T/PJ H WE 005/2025,,,,,,,yes,,no,unverified
PUSAT AKTIVITI WARGA EMAS JEMPOL,Negeri Sembilan,,+60176832966,N/PJHWE016/2025,,,,,,,no,,no,unverified
PUSAT AKTIVITI WARGA EMAS KUALA KLAWANG,Negeri Sembilan,,+60196212175,N/PJH WE 28/2024,,,,,,,yes,,no,unverified
PUSAT AKTIVITI WARGA EMAS SIKAMAT,Negeri Sembilan,,+60196207311,N/PJHWE003/2026,,,,,,,yes,,no,unverified
PUSAT JAGAAN AI XIN,Johor,,+60105395593,J/PJB WT 013/2022,,,,,,,no,,no,unverified
PUSAT JAGAAN AISYAH AL-IMAN,Pahang,,+60199888798,PPM-005-06-23022024,,,,,,,yes,,no,unverified
PUSAT JAGAAN AMAN DAMAI,Selangor,,+60129123143,B/PJBWT 010/2022,,,,,,,yes,,no,unverified
PUSAT JAGAAN AN XIE,Kuala Lumpur,,+60122069876,B/PJB WT 018/2024,,,,,,,yes,,no,unverified
Pusat Jagaan Belaian Jiwa,Perak,,+60125846754,A/PJB WE 010/2026,,,,,,,yes,,no,unverified
PUSAT JAGAAN BERKAT KASIH,Kuala Lumpur,,+60122541650,W/PJB WT 007/2022,,,,,,,yes,,no,unverified
PUSAT JAGAAN BETHANY ELDERLY HOME,Johor,,+6074152252,J/PJB WT 021/2023,,,,,,,yes,,no,unverified
Pusat Jagaan Catholic Home Management Services SDN. BHD.,Sarawak,,+6082381262,Q/PJB WT/20/2018,,,,,,,yes,,no,unverified
PUSAT JAGAAN CINTA SAYANG,Kedah,,+60125292686,K/PJB WT 017/2021,,,,,,,yes,,no,unverified
PUSAT JAGAAN COMPLETE DELIGHT SDN. BHD (2),Selangor,,+60123495811,B/PJB WT 004/2020,,,,,,,yes,,no,unverified
Pusat Jagaan Darul Hanan Pulau Pinang,Penang,,+60194112884,P/PJB WT 047/2021,,,,,,,yes,,no,unverified
Pusat Jagaan Emas Ipoh,Perak,,+60125918439,A/PJB WT 067/2024,,,,,,,no,,no,unverified
Pusat Jagaan Fortune Senior Care Centre,Pahang,,+60143639119,C/PJBWE011/2024,,,,,,,yes,,no,unverified
PUSAT JAGAAN GEMILANG,Kedah,,+601120836564,K/PJB WE002/2026,,,,,,,yes,,no,unverified
Pusat Jagaan Harian Chan,Perak,,+60185766191,A/PJH WT 002/2025,,,,,,,yes,,no,unverified
Pusat Jagaan Harian Pertubuhan Dimensia Perak,Perak,,+60135201220,A/PJH WT 011/2020,,,,,,,yes,,no,unverified
PUSAT JAGAAN HARMONI SEREMBAN,Negeri Sembilan,,+60126727688,N/PJB WT 29/2023,,,,,,,yes,,no,unverified
PUSAT JAGAAN HIDAYAH II,Kelantan,,+60139277102,D/PJB WE 002/2021,,,,,,,yes,,no,unverified
Pusat Jagaan Hong Eng,Perak,,+60125800340,A/PJB WT 033/2024,,,,,,,yes,,no,unverified
Pusat Jagaan Indah Harapan,Perak,,+60165570036,A/PJH WT 015/2022,,,,,,,yes,,no,unverified
PUSAT JAGAAN INSAN EMAS NUR HIDAYAH,Johor,,+60196820513,J/PJB WT 014/2025,,,,,,,yes,,no,unverified
PUSAT JAGAAN KANAAN NURSING HOME,Sabah,,+60198811030,S/PJBWT/001-2023,,,,,,,yes,,no,unverified
PUSAT JAGAAN KASEH SAYANG,Selangor,,+60123281811,B/PJB WT 006/2024,,,,,,,yes,,no,unverified
PUSAT JAGAAN KASIH ANUGERAH,Selangor,,+60122833034,B/PJB WT 005/2024,,,,,,,yes,,no,unverified
Pusat Jagaan Kasih Rohani,Johor,,+601111241799,J/PJB WT 020/2024,,,,,,,yes,,no,unverified
PUSAT JAGAAN KEBAJIKAN WARGA EMAS CHARIS,Negeri Sembilan,,+60173238381,N/PJB WT 07/2022,,,,,,,yes,,no,unverified
Pusat Jagaan Kenneth Care Home (Rodway) PLT,Sarawak,,+60163314493,Q/PJB WT/002/2019,,,,,,,no,,no,unverified
Pusat Jagaan Khang Foo,Perak,,+6052412745,A/PJB WT 048/2022,,,,,,,yes,,no,unverified
Pusat Jagaan Kindhara Sdn Bhd,Johor,,+601172499508,J/PJBWE025/2026,,,,,,,yes,,no,unverified
PUSAT JAGAAN KUANTAN CARE HOME FOR THE AGED,Pahang,,+60199866008,C/PJBWE007/2026,,,,,,,yes,,no,unverified
PUSAT JAGAAN KUANTAN CARE HOME FOR THE AGED (CAWANGAN),Pahang,,+60199866008,C/PJBWE004/2026,,,,,,,yes,,no,unverified
PUSAT JAGAAN LAMAN KASIH AYDEN,Johor,,+60105359914,J/PJB WT 041/2021,,,,,,,yes,,no,unverified
Pusat Jagaan Laman Kasih Ayden,Johor,,+60105359914,J/PJB WT 041/2021,,,,,,,yes,,no,unverified
PUSAT JAGAAN LAMAN KASIH BUDI,Terengganu,,+60136865715,T/PJ H WE 003/2025,,,,,,,yes,,no,unverified
PUSAT JAGAAN LOVE & CARE KAJANG 2,Selangor,,+603873338075,B/PJB WT 022/2023,,,,,,,yes,,no,unverified
Pusat Jagaan Loving Care Home,Kedah,,+60122325458,K/PJB WT 07/2024,,,,,,,yes,,no,unverified
PUSAT JAGAAN LUCKY CARE HOME,Pahang,,+60139217494,C/PJBWE028/2025,,,,,,,yes,,no,unverified
PUSAT JAGAAN LUTHERAN CARE HOME,Pahang,,+60102962932,C/PJBWE003/2026,,,,,,,yes,,no,unverified
Pusat Jagaan Mahligai Kasih Juju Sdn. Bhd.,Melaka,,+60183714559,M/PJB WT 005 / 2023,,,,,,,no,,no,unverified
Pusat Jagaan Mahligai Kasih Juju Sdn. Bhd.,Melaka,,+60183714559,M/PJB WT 003 / 2023,,,,,,,yes,,no,unverified
PUSAT JAGAAN MAK SWEE (CAWANGAN 1),Johor,,+60166383727,J/PJBWT021/2025,,,,,,,yes,,no,unverified
Pusat Jagaan Mesra Intan,Perak,,+60195112242,A/PJB WT 015/2019,,,,,,,yes,,no,unverified
Pusat Jagaan Mesra Intan,Perak,,+60195112242,A/PJB WT 049/2024,,,,,,,yes,,no,unverified
Pusat Jagaan Mesra Intan Bandaraya,Perak,,+60175252181,A/PJB WE 020/2025,,,,,,,yes,,no,unverified
Pusat Jagaan Mesra Pasir Putih,Perak,,+6053212135,A/PJB WT 056/2024,,,,,,,yes,,no,unverified
PUSAT JAGAAN NOLY,Johor,,+60127181888,J/PJB WT 039/2024,,,,,,,yes,,no,unverified
Pusat Jagaan Nur Kasih Abadi,Perak,,+60194433007,A/PJB WT 014/2023,,,,,,,yes,,no,unverified
Pusat Jagaan Orang Tua Berkat,Melaka,,+6065296143,M/PJB WT 019 / 2022,,,,,,,yes,,no,unverified
PUSAT JAGAAN ORANG TUA EN TECK,Johor,,+60167228437,J/PJB WT 10/2024,,,,,,,yes,,no,unverified
Pusat Jagaan Orang Tua Gemilang Riang,Penang,,+60164303638,P/PJB WT 013/2025,,,,,,,yes,,no,unverified
PUSAT JAGAAN ORANG TUA GRANNIES (CAWANGAN),Pahang,,+60139601452,C/P JB WE 021/2021,,,,,,,yes,,no,unverified
PUSAT JAGAAN ORANG TUA GRANNIES (CAWANGAN),Pahang,,,C/PJBWE022/2021,,,,,,,yes,,no,unverified
PUSAT JAGAAN ORANG TUA LOK LENG,Selangor,,+60123026583,B/PJB WT 008/2024,,,,,,,yes,,no,unverified
PUSAT JAGAAN ORANG TUA MAK SWEE,Johor,,+60166383727,J/PJB WT 001/2023,,,,,,,yes,,no,unverified
PUSAT JAGAAN ORANG TUA POH LINK,Selangor,,+60342875989,B/PJBWT 007/2022,,,,,,,yes,,no,unverified
Pusat Jagaan Orang-Orang Tua Ikhtiar Selesa Villa,Perak,,+6053212799,A/PJB WT 034/2018,,,,,,,yes,,no,unverified
Pusat Jagaan Orang-Orang Tua Ikhtiar Selesa Villa,Perak,,+60165919377,A/PJB WT 032/2023,,,,,,,yes,,no,unverified
Pusat Jagaan Papa Mama,Perak,,+60165951750,A/PJB WT 007/2024,,,,,,,yes,,no,unverified
PUSAT JAGAAN PAWE BENONI,Sabah,,+6088904630,S/PJH WE/01-2026,,,,,,,yes,,no,unverified
PUSAT JAGAAN PAWE PAPAR,Sabah,,+60168258133,S/PJH WE/02-2026,,,,,,,yes,,no,unverified
PUSAT JAGAAN PERSATUAN KEBAJIKAN BUDDHIST THAN HSIANG KEDAH,Kedah,,+60194429023,K/PJB WE004/2025,,,,,,,no,,no,unverified
PUSAT JAGAAN PERSATUAN KEBAJIKAN BUDDHIST THAN HSIANG KEDAH,Kedah,,+60194429023,K/PJB WE004/2025,,,,,,,yes,,no,unverified
PUSAT JAGAAN PERSATUAN KEBAJIKAN ORANG-ORANG TUA BAHAGIA SELANGOR,Selangor,,+60378656855,B/PJB WT 024/2023,,,,,,,yes,,no,unverified
PUSAT JAGAAN PERSATUAN KEBAJIKAN WARGA EMAS PERMATA (YAN XIN YUAN) MUAR JOHOR,Johor,,+60166832387,J/PJBWE085/2025,,,,,,,no,,no,unverified
Pusat Jagaan Persatuan Mengurus Kebajikan Orang Tua Xin Fu,Penang,,+60124604022,P/PJB WT 009/2022,,,,,,,yes,,no,unverified
PUSAT JAGAAN PERSATUAN PENJAGAAN KEBAJIKAN SHERUN,Johor,,+60127402499,J/PJBWE 029/2025,,,,,,,yes,,no,unverified
"PUSAT JAGAAN PERSATUAN RUMAH WARGA EMAS KLANG, SELANGOR",Selangor,,+60166874879,B/PJBWT 001/2022,,,,,,,yes,,no,unverified
PUSAT JAGAAN PERTUBUHAN KEBAJIKAN CHESTER SELANGOR (1),Kuala Lumpur,,+60367345839,B/PJBWT 008/2023,,,,,,,yes,,no,unverified
PUSAT JAGAAN PERTUBUHAN KEBAJIKAN CHESTER SELANGOR (2),Selangor,,+60126990893,B/PJBWT 009/2023,,,,,,,yes,,no,unverified
PUSAT JAGAAN PERTUBUHAN KEBAJIKAN CHESTER SELANGOR (4),Kuala Lumpur,,+60126990893,B/PJB WT 015/2023,,,,,,,yes,,no,unverified
PUSAT JAGAAN PERTUBUHAN KEBAJIKAN KG BARU MENTAKAB,Pahang,,+60169221363,C/PJBWE012/2024,,,,,,,yes,,no,unverified
PUSAT JAGAAN PERTUBUHAN KEBAJIKAN PUSAT AKTIVITI WARGA EMAS (PAWE) KAWANKU BANDAR MERSING,Johor,,+60177515033,J/PJHWT018/2024,,,,,,,yes,,no,unverified
Pusat Jagaan Pertubuhan Kebajikan Rumah Orang-Orang Tua (Islam) Titian Abadi,Perak,,+60134793223,A/PJB WT 008/2022,,,,,,,yes,,no,unverified
Pusat Jagaan Pertubuhan Kebajikan Warga Emas Emmanuel Larut Matang dan Selama Perak,Perak,,+60175191924,A/PJB WT 024/2023,,,,,,,yes,,no,unverified
PUSAT JAGAAN PERTUBUHAN KEBAJIKAN WARGA EMAS XIANG AN KUANTAN PAHANG,Pahang,,+60199851436,C/P JB WE 006/2021,,,,,,,yes,,no,unverified
PUSAT JAGAAN PERTUBUHAN KEBAJIKAN WARGA TUA NURUL SAADAH,Terengganu,,+601136397531,T/PJB WT 010/2023,,,,,,,yes,,no,unverified
"Pusat Jagaan Pertubuhan Pengurusan Rumah Warga Tua ""Anning"" Ipoh, Perak",Perak,,+60125201160,A/PJB WT 002/2021,,,,,,,yes,,no,unverified
Pusat Jagaan Pertubuhan Wa Khiew Yi Shea,Perak,,+60165231388,A/PJB WT 068/2024,,,,,,,yes,,no,unverified
Pusat Jagaan Qaseh Murni,Perak,,+60125056449,A/PJB WE 012/2025,,,,,,,no,,no,unverified
PUSAT JAGAAN RAMYA BALAN,Johor,,+60102357446,J/PJB WT 011/2022,,,,,,,yes,,no,unverified
Pusat Jagaan Rapat,Perak,,+60165561360,A/PJB WT 018/2019,,,,,,,yes,,no,unverified
PUSAT JAGAAN RUMAH MENTARI (WARGA EMAS LELAKI/ BERPENYAKIT),Kedah,,+60194264381,K/PJH KK007/2026,,,,,,,yes,,no,unverified
PUSAT JAGAAN RUMAH MENTARI (WARGA EMAS LELAKI/BERPENYAKIT),Kedah,,+6044931033,K/PJB WT 007/2021,,,,,,,yes,,no,unverified
PUSAT JAGAAN RUMAH MENTARI (WARGA EMAS WANITA),Kedah,,+60194264381,K/PJB WT 015/2021,,,,,,,yes,,no,unverified
PUSAT JAGAAN RUMAH ORANG TUA BUKIT BETHEL(BETHEL HILL OLD FOLKS HOME),Kedah,,+60194771119,K/PJH KK030/2025,,,,,,,yes,,no,unverified
PUSAT JAGAAN RUMAH ORANG TUA GABUNGAN PERSATUAN-PERSATUAN TIONGHUA KUANTAN,Pahang,,+60148479083,C/P JB WE 013/2020,,,,,,,yes,,no,unverified
Pusat Jagaan Rumah Orang Tua Jubli Perak,Penang,,+60124808292,P/PJB WT 016/2024,,,,,,,yes,,no,unverified
PUSAT JAGAAN RUMAH ORANG TUA SERI KEMBANGAN,Selangor,,+60163947296,B/PJB WT 007/2025,,,,,,,yes,,no,unverified
Pusat Jagaan Rumah Orang-Orang Tua (PKK) Simee,Perak,,+6055452449,A/PJB WT 046/2023,,,,,,,yes,,no,unverified
PUSAT JAGAAN RUMAH ORANG-ORANG TUA SERI SETIA,Selangor,,+60378769233,B/PJBWT 003/2022,,,,,,,yes,,no,unverified
PUSAT JAGAAN RUMAH SEJAHTERA BATU BERTANGKUP,Perlis,,+60145644937,R/PJB WT 010/2021,,,,,,,yes,,no,unverified
Pusat Jagaan Rumah Sejahtera Bentong,Pahang,,+6092234845,C/PJB WE 010/2022,,,,,,,yes,,no,unverified
Pusat Jagaan Rumah Sejahtera Gopeng,Perak,,+60125896315,A/PJB WT 028/2024,,,,,,,yes,,no,unverified
Pusat Jagaan Rumah Sejahtera Jelapang,Perak,,+6055262209,A/PJB WT 008/2023,,,,,,,yes,,no,unverified
PUSAT JAGAAN RUMAH SEJAHTERA JIMAH,Negeri Sembilan,,+60193403004,N/ PJB WT 07/2021,,,,,,,yes,,no,unverified
PUSAT JAGAAN RUMAH SEJAHTERA KAKI BUKIT,Perlis,,+60123318421,R/PJB WT 004 /2021,,,,,,,yes,,no,unverified
Pusat Jagaan Rumah Sejahtera Langkap,Perak,,+60125509653,A/PJB WT 035/2024,,,,,,,yes,,no,unverified
Pusat Jagaan Rumah Sejahtera Mambang Diawan,Perak,,+60165447877,A/PJB WT 027/2024,,,,,,,yes,,no,unverified
Pusat Jagaan Rumah Sejahtera Permatang Tinggi,Penang,,+6045887080,P/PJB WT 026/2025,,,,,,,yes,,no,unverified
PUSAT JAGAAN RUMAH SEJAHTERA POKOK SENA,Kedah,,+6047332737,K/PJB WT 020/2022,,,,,,,yes,,no,unverified
PUSAT JAGAAN RUMAH SEJAHTERA SIKAMAT,Negeri Sembilan,,+6067642082,N/PJB WT 16/2020,,,,,,,yes,,no,unverified
Pusat Jagaan Rumah Seri Bahagia (Lucky Village Home),Perak,,+6053120997,A/PJB WT 035/2022,,,,,,,yes,,no,unverified
Pusat Jagaan Rumah Warga Emas Marian,Perak,,+6054658424,A/PJB WT 076/2021,,,,,,,yes,,no,unverified
PUSAT JAGAAN SARA'S HOME FOR THE AGED,Pahang,,,C/PJBWE039/2025,,,,,,,yes,,no,unverified
Pusat Jagaan Seavoy,Kuala Lumpur,,+60341084700,W/PJB WT 002/2024,,,,,,,yes,,no,unverified
Pusat Jagaan Seri Bercham,Perak,,+60165677565,A/PJB WT 048/2018,,,,,,,yes,,no,unverified
Pusat Jagaan Seri Bercham,Perak,,+6055450694,A/PJB WT 015/2024,,,,,,,yes,,no,unverified
Pusat Jagaan Seri Cahaya,Perak,,+60165677565,A/PJB WT 036/2021,,,,,,,yes,,no,unverified
Pusat Jagaan Seri Damai,Perak,,+60125152759,A/PJB WT 026/2019,,,,,,,yes,,no,unverified
Pusat Jagaan Seri Damai,Perak,,+60125152759,A/PJB WT 047/2024,,,,,,,yes,,no,unverified
Pusat Jagaan Sibu Benevolent Society,Sarawak,,+6084311936,Q/PJB WT/10/2017,,,,,,,yes,,no,unverified
Pusat Jagaan Sinar Berkat,Perak,,+60164404917,A/PJB WT 043/2023,,,,,,,yes,,no,unverified
Pusat Jagaan Sinar Berkat,Perak,,+60164404917,A/PJB WE 004/2026,,,,,,,yes,,no,unverified
PUSAT JAGAAN SINAR KASIH (CAWANGAN),Johor,,+601112880872,J/PJB WT 019/2022,,,,,,,yes,,no,unverified
Pusat Jagaan Sinec,Melaka,,+60127821138,M/PJB WE 014 / 2024,,,,,,,yes,,no,unverified
Pusat Jagaan St Mary's Aged,Kuala Lumpur,,+60123937283,W/PJB WT 009/2022,,,,,,,yes,,no,unverified
PUSAT JAGAAN SUNNYVIEW RESIDENCE,Kedah,,+60124217442,K/PJB WT 14/2023,,,,,,,yes,,no,unverified
PUSAT JAGAAN SUPERFUN PUSAT REKREASI WARGA TUA,Kedah,,+6047335757,K/PJB WE 008/2020,,,,,,,yes,,no,unverified
PUSAT JAGAAN SUSAN VILLA AGED CARE,Pahang,,+6095606388,C/PJBWE022/2025,,,,,,,yes,,no,unverified
Pusat Jagaan Sutera,Perak,,+60124147723,A/PJB WE 050/2025,,,,,,,yes,,no,unverified
Pusat Jagaan Trinity Eldercare Berhad,Sarawak,,+6082410722,Q/PJHWT/001/2021,,,,,,,yes,,no,unverified
Pusat Jagaan Waja Tulus,Perak,,+60174861128,A/PJB WT 019/2024,,,,,,,yes,,no,unverified
PUSAT JAGAAN WARGA EMAS (CINA) SABAK BERNAM,Selangor,,+60193339741,B/PJB WT 003/2026,,,,,,,yes,,no,unverified
PUSAT JAGAAN WARGA EMAS AL IKHLAS,Kedah,,+601169715398,K/PJB WT 013/2024,,,,,,,yes,,no,unverified
PUSAT JAGAAN WARGA EMAS DAN TERAPI FITRAH,Negeri Sembilan,,+60136649757,N/PJB WT 11/2021,,,,,,,yes,,no,unverified
PUSAT JAGAAN WARGA EMAS DAN TERAPI FITRAH (CAWANGAN),Negeri Sembilan,,+60136649757,N/PJB WE 17/2024,,,,,,,yes,,no,unverified
PUSAT JAGAAN WARGA EMAS GERBANG DZUNNURAYN,Negeri Sembilan,,+60123156823,N/PJB WE 27/2024,,,,,,,yes,,no,unverified
PUSAT JAGAAN WARGA EMAS IMPIAN MURNI KULIM,Kedah,,+60124218986,K/PJB WT 018/2020,,,,,,,yes,,no,unverified
Pusat Jagaan Warga Emas Intan (Cawangan),Penang,,+60194111923,P/PJB WT 012/2024,,,,,,,yes,,no,unverified
PUSAT JAGAAN WARGA EMAS OASIS (2),Selangor,,+601139336294,B/PJB WT 011/2024,,,,,,,yes,,no,unverified
PUSAT JAGAAN WARGA EMAS PEWARIS LANGKASUKA,Kedah,,+60124297510,K/PJB WE 004/2026,,,,,,,yes,,no,unverified
PUSAT JAGAAN WARGA EMAS RUMAH BUKIT HARMONI,Selangor,,+60106606388,B/PJBWT 013/2023,,,,,,,yes,,no,unverified
PUSAT JAGAAN WARGA EMAS UMMI ZAINAB,Kelantan,,+60139393553,D/PJB WE 003/2022,,,,,,,yes,,no,unverified
PUSAT JAGAAN WARGA EMAS VR MELODIES,Selangor,,+60127761465,B/PJB WT 017/2025,,,,,,,yes,,no,unverified
"PUSAT JAGAAN WARGA EMAS WEN ZHAO, KLANG",Selangor,,+60139609330,B/PJBWT 011/2023,,,,,,,yes,,no,unverified
PUSAT JAGAAN WARGA ISTIMEWA WANITA,Johor,,+60197799700,J/PJB WT 030/2022,,,,,,,yes,,no,unverified
PUSAT JAGAAN WARGA RIA BAHAGIA,Johor,,+60127878813,J/PJBWE048/2025,,,,,,,yes,,no,unverified
"Pusat Jagaan Warga Tua Manjung, Perak",Perak,,+6056879055,A/PJB WT 067/2021,,,,,,,yes,,no,unverified
PUSAT JAGAAN WARGA TUA SINAR KEBAHAGIAAN,Johor,,+601111405468,J/PJB WT 08/2024,,,,,,,yes,,no,unverified
PUSAT JAGAAN WARGA TUA SRI ORKID (CAWANGAN),Johor,,+60167707576,J/PJBWE078/2025,,,,,,,yes,,no,unverified
PUSAT JAGAAN WARGA USIA EMAS TONG SIM,Negeri Sembilan,,+60163712228,N/PJBWE043/2025,,,,,,,yes,,no,unverified
PUSAT JAGAAN WONG & CHONG SDN. BHD.,Negeri Sembilan,,+60193133881,N/PJBWE019/2025,,,,,,,yes,,no,unverified
PUSAT JAGAAN WONG & CHONG SDN. BHD.,Negeri Sembilan,,+60193133881,N/PJBWE018/2025,,,,,,,yes,,no,unverified
Pusat Jagaan Yayasan Teratai,Perak,,+60165345679,A/PJB WT 041/2022,,,,,,,yes,,no,unverified
Pusat Penjagaan Ceria,Penang,,+60175032399,P/PJB WT 026/2022,,,,,,,yes,,no,unverified
Qualicare Senior Citizens Home,Perak,,+60125067998,A/PJB WT 023/2019,,,,,,,yes,,no,unverified
Qualicare Senior Citizens Home Care Centre,Perak,,+601154134996,A/PJB WT 038/2024,,,,,,,yes,,no,unverified
Qualicare Senior Citizens Home Care Centre,Perak,,+60125067998,A/PJB WT 051/2024,,,,,,,yes,,no,unverified
RAINBOW SENIOR CARE CENTRE,Kedah,,+60184076008,K/PJB WT 010/2020,,,,,,,yes,,no,unverified
Recovering Home Care Centre,Perak,,+60125380719,A/PJB WT 004/2024,,,,,,,yes,,no,unverified
RED SPOT HOME CARE CENTRE,Negeri Sembilan,,+60163503690,N/PJB WT 16/2023,,,,,,,yes,,no,unverified
Rejuvenate Elderly Care Centre,Kuala Lumpur,,+60122980206,W/PJB WT 022/2023,,,,,,,yes,,no,unverified
Rumah Jagaan Warga Emas JC,Pahang,,+601126708613,C/PJB WE 002/2023,,,,,,,yes,,no,unverified
Rumah Orang Tua Uzur Pulau Pinang,Penang,,+60164100797,P/PJB WT 048/2021,,,,,,,yes,,no,unverified
Safe Homecare Centre,Sabah,,+601110211902,S/PJBWT/003-2024,,,,,,,yes,,no,unverified
SAHABATS CARE CENTRE SDN BHD,Johor,,+60127373725,J/PJB WT 006/2023,,,,,,,yes,,no,unverified
Sarawak Hun Nam Siang Tng Care Centre,Sarawak,,+6082332872,Q/PJB WT/003/2020,,,,,,,yes,,no,unverified
Senior Garden Elderly Care Centre Sdn. Bhd.,Melaka,,+6062899587,M/PJB WT 011 / 2023,,,,,,,yes,,no,unverified
Senior Garden Elderly Care Centre Sdn. Bhd.,Melaka,,+6062810139,M/PJB WT  006 / 2023,,,,,,,yes,,no,unverified
Serene Care Centre,Perak,,+60165353246,A/PJB WT 080/2021,,,,,,,yes,,no,unverified
Serene Sanctuary Care Centre,Perak,,+60165651828,A/A/PJB WT 062/2024,,,,,,,yes,,no,unverified
Shalom Care Centre,Melaka,,+6063151326,M/PJB WT 016 / 2022,,,,,,,yes,,no,unverified
Sitiawan Lily Care Centre,Perak,,+60165048575,A/PJB WT 019/2023,,,,,,,yes,,no,unverified
SMA Home Care Centre Sdn Bhd,Penang,,+60124835739,P/PJB WT 028/2024,,,,,,,yes,,no,unverified
SMART SENIOR CARE CENTRE,Sabah,,+601151802454,S/PJBWT/002-2021,,,,,,,yes,,no,unverified
Splendid Care Centre,Sarawak,,+60138018883,Q/PJB WT/06/2017,,,,,,,yes,,no,unverified
SPRUCE CARE CENTRE,Johor,,+601110900703,J/PJB WT 050/2021,,,,,,,yes,,no,unverified
Starshine Care Centre,Perak,,+60165600317,A/PJB WT 025/2024,,,,,,,yes,,no,unverified
Starshine Care Centre,Perak,,+60165600317,A/PJB WT 057/2024,,,,,,,yes,,no,unverified
Sunny Residence Home For Senior Citizens Care Centre,Perak,,+60165368910,A/PJB WT 036/2022,,,,,,,yes,,no,unverified
Sunrise Leisure Care Centre,Perak,,+60163362088,A/PJB WT 045/2023,,,,,,,yes,,no,unverified
Sunshine Old Folks Care Centre,Perak,,+60125299269,A/PJB WT 032/2024,,,,,,,yes,,no,unverified
SUTHA CARE CENTRE,Negeri Sembilan,,+60182794863,N/PJB WE 10/2024,,,,,,,yes,,no,unverified
Suzanne Home Aged Care Centre,Perak,,+60165185669,A/PJB WE 032/2025,,,,,,,yes,,no,unverified
TAKAHASHI LEGEND CARE CENTRE,Selangor,,+60378952742,B/PJB WT 001/2024,,,,,,,yes,,no,unverified
TAKE CARE CENTRE,Negeri Sembilan,,+60143389554,N/PJB WT 21/2023,,,,,,,yes,,no,unverified
The Penang Buddhist Association Senior Cetizen's Home Care Centre,Penang,,+60124722813,P/PJB WT 024/2022,,,,,,,yes,,no,unverified
The Salvation Army Perak Home For The Aged Care Centre,Perak,,+6055262108,A/PJB WT 009/2023,,,,,,,yes,,no,unverified
THE SYNOD OF THE DIOCESE OF WEST MALAYSIA CARE CENTRE,Terengganu,,+60178424316,T/PJB WE 005/2024,,,,,,,yes,,no,unverified
THERESA HOME CARE CENTRE (2),Selangor,,+60162579028,B/PJB WT 010/2024,,,,,,,yes,,no,unverified
TILA CARE CENTRE,Selangor,,+60107682707,B/PJB WT 015/2025,,,,,,,yes,,no,unverified
Top Perfect Care Centre,Perak,,+60165677565,A/PJB WT 001/2019,,,,,,,yes,,no,unverified
Top Perfect Care Centre,Perak,,+60165677565,A/PJB WT 037/2024,,,,,,,yes,,no,unverified
Trinity Care Centre,Perak,,+60165128178,A/PJB WT 020/2023,,,,,,,yes,,no,unverified
TRUE HOME CARE CENTRE,Pahang,,+60183758662,C/PJBWE009/2024,,,,,,,yes,,no,unverified
TRUE HOUSE OF VICTORY CARE CENTRE,Negeri Sembilan,,+60122694537,N/PJB WE 07/2024,,,,,,,yes,,no,unverified
Twilight Care Centre,Perak,,+60195136661,A/PJB WT 059/2021,,,,,,,yes,,no,unverified
Twilight Elderly Care Centre,Perak,,+60195136661,A/PJB WT 006/2020,,,,,,,yes,,no,unverified
Twilight Elderly Care Centre,Perak,,+60195136661,A/PJB WE 015/2025,,,,,,,yes,,no,unverified
Twilight Rapat Care Centre,Perak,,+60165575068,A/PJB WT 039/2023,,,,,,,yes,,no,unverified
UMC Healthcare Centre,Penang,,+60123887421,P/PJB WT 004/ 2025,,,,,,,yes,,no,unverified
Universal Love Home Care Centre,Perak,,+60189484785,A/PJB WT 022/2022,,,,,,,yes,,no,unverified
Vcare Geriatric Care Centre,Perak,,+60136909658,A/PJB WT 006/2023,,,,,,,yes,,no,unverified
Verde Home Bercham Care Centre,Perak,,+60165218916,A/PJB WT 008/2024,,,,,,,yes,,no,unverified
Verde Home Care Centre,Perak,,+60165218916,A/PJB WT 001/2024,,,,,,,yes,,no,unverified
Verde Retirement Home Care Centre,Perak,,+60165218916,A/PJB WE 008/2025,,,,,,,yes,,no,unverified
Victory Care Centre,Perak,,+60165677565,A/PJB WT 005/2020,,,,,,,yes,,no,unverified
Victory Care Centre,Perak,,+6052547267,A/PJB WE 026/2025,,,,,,,yes,,no,unverified
VV ELDERLY CARE CENTRE,Johor,,+60183244697,J/PJB WT 037/2024,,,,,,,yes,,no,unverified
WEI AI CARE CENTRE,Selangor,,+6037782832,B/PJB WT 013/2021,,,,,,,yes,,no,unverified
WTL ELDERLY CARE CENTRE,Sabah,,+60168261022,S/PJBWT/003-2022,,,,,,,yes,,no,unverified
YOUNG HEART SENIOR CARE CENTRE,Johor,,+60142788771,J/PJBWT020/2025,,,,,,,yes,,no,unverified
YY Elderly Home Care Centre,Melaka,,+60172878256,M/PJB WT 017 / 2022,,,,,,,yes,,no,unverified
Zhen Seng Care Centre,Perak,,+60177296389,A/PJB WT 021/2024,,,,,,,yes,,no,unverified
