title,slug,url,area,phone,website,pricing_display,shared_price,private_price,care_types,services,religion,languages,subsidy,wheelchair,rating,review_count,latitude,longitude,google_maps_url,last_updated
新山温馨疗养别墅EHA Golfview Eldercare Mansion (Johor Jaya) #1 Nursing Home Johor Bahru,eha-golfview-eldercare-mansion-johor-jaya-1-nursing-home-joh,/facilities/eha-golfview-eldercare-mansion-johor-jaya-1-nursing-home-joh,Johor Bahru,+60 19-728 3697,https://ehaeldercare.com.my/,"Shared: RM 1,300 | Private: RM 3,200","RM 1,300","RM 3,200",Nursing Home + Day Care + Assisted Living + Rehabilitation,"meals, laundry, nursing_care, physio, doctor_visit, activities, dementia_care",Muslim-friendly,"English, BM, Mandarin",Yes,Yes,4.9,70,1.5251689,103.8062769,"https://www.google.com/maps/place/%E6%96%B0%E5%B1%B1%E6%B8%A9%E9%A6%A8%E7%96%97%E5%85%BB%E5%88%AB%E5%A2%85EHA+Golfview+Eldercare+Mansion+%28Johor+Jaya%29+%231+Nursing+Home+Johor+Bahru/@1.5251689,103.8062769,14z/data=!4m8!1m2!2m1!1s%E6%96%B0%E5%B1%B1%E6%B8%A9%E9%A6%A8%E7%96%97%E5%85%BB%E5%88%AB%E5%A2%85EHA+Golfview+Eldercare+Mansion+%28Johor+Jaya%29+%231+Nursing+Home+Johor+Bahru!3m4!1s0x31da6d9151a31c7f:0x88816d8805d479ff!8m2!3d1.5251689!4d103.8062769",2026-04-29
Master Care Centre,master-care-centre,/facilities/master-care-centre,,+60 11-1080 1805,,Call for pricing,,,,,,,,Yes,4.8,21,1.4660705,103.7554336,"https://www.google.com/maps/place/Master+Care+Centre/@1.4660704999999998,103.75543359999999,14z/data=!4m8!1m2!2m1!1sMaster+Care+Centre!3m4!1s0x31da12c7b467f8e3:0xdfa6fb7841db9bb3!8m2!3d1.4660704999999998!4d103.75543359999999",2026-04-29
Rebina House Care Centre,rebina-house-care-centre,/facilities/rebina-house-care-centre,"Taman Kebun Teh, Johor Bahru",+60 7-335 8963,https://www.rebinasunrise.com/,Call for pricing,,,Nursing Home + Rehabilitation,"nursing_care, physio, doctor_visit, activities, palliative",All,"English, BM",Unknown,Yes,4.8,17,1.4901116,103.7582487,"https://www.google.com/maps/place/Rebina+House+Care+Centre/@1.4901115999999999,103.7582487,14z/data=!4m8!1m2!2m1!1sRebina+House+Care+Centre!3m4!1s0x31da6d3bb269d2c1:0xa2cf4e8bf38927d3!8m2!3d1.4901115999999999!4d103.7582487",2026-04-29
EHA Lakeview Eldercare Mansion - 新山湖畔疗养别墅 (Permas Branch) #1 Nursing Home Johor Bahru,eha-lakeview-eldercare-mansion-permas-branch-1-nursing-home,/facilities/eha-lakeview-eldercare-mansion-permas-branch-1-nursing-home,Johor Bahru,+60 19-728 3697,https://ehaeldercare.com.my/,"Shared: RM 1,300 | Private: RM 3,200","RM 1,300","RM 3,200",Nursing Home + Day Care + Assisted Living + Rehabilitation,"meals, laundry, nursing_care, physio, doctor_visit, activities, dementia_care",Muslim-friendly,"English, BM, Mandarin",Yes,Yes,4.9,40,1.4998012,103.7909861,"https://www.google.com/maps/place/EHA+Lakeview+Eldercare+Mansion+-+%E6%96%B0%E5%B1%B1%E6%B9%96%E7%95%94%E7%96%97%E5%85%BB%E5%88%AB%E5%A2%85+%28Permas+Branch%29+%231+Nursing+Home+Johor+Bahru/@1.4998011999999998,103.7909861,14z/data=!4m8!1m2!2m1!1sEHA+Lakeview+Eldercare+Mansion+-+%E6%96%B0%E5%B1%B1%E6%B9%96%E7%95%94%E7%96%97%E5%85%BB%E5%88%AB%E5%A2%85+%28Permas+Branch%29+%231+Nursing+Home+Johor+Bahru!3m4!1s0x31da6d2722a88637:0xb0ad0dbceaa53234!8m2!3d1.4998011999999998!4d103.7909861",2026-04-29
EHA Parkview ElderCare (Perling) 新山温馨疗养院 #1 Nursing Home Johor Bahru,eha-parkview-eldercare-perling-1-nursing-home-johor-bahru,/facilities/eha-parkview-eldercare-perling-1-nursing-home-johor-bahru,Johor Bahru,+60 18-218 2727,https://ehaeldercare.com.my/,"Shared: RM 1,300 | Private: RM 3,200","RM 1,300","RM 3,200",Nursing Home + Day Care + Assisted Living + Rehabilitation,"meals, laundry, nursing_care, physio, doctor_visit, activities, dementia_care",Muslim-friendly,"English, BM, Mandarin",Yes,Yes,4.9,85,1.479107,103.68915,"https://www.google.com/maps/place/EHA+Parkview+ElderCare+%28Perling%29+%E6%96%B0%E5%B1%B1%E6%B8%A9%E9%A6%A8%E7%96%97%E5%85%BB%E9%99%A2+%231+Nursing+Home+Johor+Bahru/@1.479107,103.68915,14z/data=!4m8!1m2!2m1!1sEHA+Parkview+ElderCare+%28Perling%29+%E6%96%B0%E5%B1%B1%E6%B8%A9%E9%A6%A8%E7%96%97%E5%85%BB%E9%99%A2+%231+Nursing+Home+Johor+Bahru!3m4!1s0x31da7376fed2a615:0xd5232667f1a974b6!8m2!3d1.479107!4d103.68915",2026-04-29
Nursing Home Johor Bahru | Loving Mansion Care Centre,nursing-home-johor-bahru-loving-mansion-care-centre,/facilities/nursing-home-johor-bahru-loving-mansion-care-centre,Johor Bahru,+60 12-306 5355,https://lovingmansion.com/%3Futm_source%3Dgmb%26utm_medium%3Dreferral,"From RM 2,500/month","RM 2,500",,Nursing Home + Rehabilitation + Stroke Recovery,"Geriatric/Orthopedic/Neurology Physio, 24/7 nursing",,,,Yes,5.0,17,1.4962887,103.844365,"https://www.google.com/maps/place/Nursing+Home+Johor+Bahru+%7C+Loving+Mansion+Care+Centre/@1.4962887,103.844365,14z/data=!4m8!1m2!2m1!1sNursing+Home+Johor+Bahru+%7C+Loving+Mansion+Care+Centre!3m4!1s0x31da6ba719676203:0xe525f81c903dee21!8m2!3d1.4962887!4d103.844365",2026-04-29
ECON Medicare Centre & Nursing Home - Taman Perling Branch 宜康医疗保健中心与疗养院 - 柏伶分行,econ-medicare-centre-nursing-home-taman-perling-branch,/facilities/econ-medicare-centre-nursing-home-taman-perling-branch,"Taman Perling, Johor Bahru",+60 12-642 6046,https://www.facebook.com/econperling/,Call for pricing,,,Nursing Home + Assisted Living + Rehabilitation,"nursing_care, rehab, social_activities",,,,Yes,4.5,152,1.498181,103.680426,"https://www.google.com/maps/place/ECON+Medicare+Centre+%26+Nursing+Home+-+Taman+Perling+Branch+%E5%AE%9C%E5%BA%B7%E5%8C%BB%E7%96%97%E4%BF%9D%E5%81%A5%E4%B8%AD%E5%BF%83%E4%B8%8E%E7%96%97%E5%85%BB%E9%99%A2+-+%E6%9F%8F%E4%BC%B6%E5%88%86%E8%A1%8C/@1.498181,103.680426,14z/data=!4m8!1m2!2m1!1sECON+Medicare+Centre+%26+Nursing+Home+-+Taman+Perling+Branch+%E5%AE%9C%E5%BA%B7%E5%8C%BB%E7%96%97%E4%BF%9D%E5%81%A5%E4%B8%AD%E5%BF%83%E4%B8%8E%E7%96%97%E5%85%BB%E9%99%A2+-+%E6%9F%8F%E4%BC%B6%E5%88%86%E8%A1%8C!3m4!1s0x31da731fa4d68ad7:0xd3f34bd4a3e586a2!8m2!3d1.498181!4d103.680426",2026-04-29
Spring Valley HomeCare (Nursing Home),spring-valley-homecare-nursing-home,/facilities/spring-valley-homecare-nursing-home,Johor Bahru,+60 19-754 6410,https://www.springvalleyhomecare.com.my/,"Shared: RM 1,700 | Private: RM 1,850","RM 1,700","RM 1,850",Nursing Home + Rehabilitation,"laundry, physio, activities",Chinese-run,"English, BM",Unknown,Yes,4.2,38,1.5293015,103.7188257,"https://www.google.com/maps/place/Spring+Valley+HomeCare+%28Nursing+Home%29/@1.5293014999999999,103.7188257,14z/data=!4m8!1m2!2m1!1sSpring+Valley+HomeCare+%28Nursing+Home%29!3m4!1s0x31da7271939840d1:0x20bd940f24d37bc5!8m2!3d1.5293014999999999!4d103.7188257",2026-04-29
Woon Ho Family Care Centre,woon-ho-family-care-centre,/facilities/woon-ho-family-care-centre,"Kempas Baru, Johor Bahru",+60 19-952 2567,https://woonhofamilycarecentre.com.my/,"From RM 2,000/month","RM 2,000",,Nursing Home + Assisted Living + Rehabilitation,"meals, nursing_care, physio, doctor_visit, transport, activities, dementia_care",Chinese-run,BM,Unknown,Yes,5.0,19,1.5321392,103.7170315,"https://www.google.com/maps/place/Woon+Ho+Family+Care+Centre/@1.5321392,103.71703149999999,14z/data=!4m8!1m2!2m1!1sWoon+Ho+Family+Care+Centre!3m4!1s0xafa8906dec55e22b:0x36a7cb9e2c95583f!8m2!3d1.5321392!4d103.71703149999999",2026-04-29
FCC Family Care Centre Johor Bahru,fcc-family-care-centre-johor-bahru,/facilities/fcc-family-care-centre-johor-bahru,Johor Bahru,+60 17-709 7909,http://familycarecentre.co/,"Shared: RM 600 | Private: RM 4,300",RM 600,"RM 4,300",Nursing Home + Day Care + Assisted Living + Rehabilitation,"meals, laundry, nursing_care, physio, doctor_visit, transport, activities, dementia_care, palliative",Chinese-run,"BM, Mandarin",Unknown,Yes,4.9,137,1.6070566,103.8149184,"https://www.google.com/maps/place/FCC+Family+Care+Centre+Johor+Bahru/@1.6070566,103.8149184,14z/data=!4m8!1m2!2m1!1sFCC+Family+Care+Centre+Johor+Bahru!3m4!1s0x31da6f1389eef093:0xc955371b0fc78728!8m2!3d1.6070566!4d103.8149184",2026-04-29
Multicare Nursing Home Johor,multicare-nursing-home-johor,/facilities/multicare-nursing-home-johor,,+60 12-650 1805,https://www.multicarehomes.com/,"Shared: RM 1,800 | Private: RM 3,000","RM 1,800","RM 3,000",Nursing Home + Day Care + Assisted Living + Rehabilitation,"meals, laundry, nursing_care, physio, doctor_visit, transport, activities, dementia_care, palliative",All,BM,Unknown,Yes,5.0,9,1.4848194,103.7586953,"https://www.google.com/maps/place/Multicare+Nursing+Home+Johor/@1.4848194,103.7586953,14z/data=!4m8!1m2!2m1!1sMulticare+Nursing+Home+Johor!3m4!1s0x31da6dacb86da08d:0xc84532936303ff76!8m2!3d1.4848194!4d103.7586953",2026-04-29
OroCare Sdn Bhd Nursing Home,orocare-sdn-bhd-nursing-home,/facilities/orocare-sdn-bhd-nursing-home,,+60 7-223 8988,,Call for pricing,,,,,,,,,5.0,3,1.4703118,103.7579418,"https://www.google.com/maps/place/OroCare+Sdn+Bhd+Nursing+Home/@1.4703118,103.7579418,14z/data=!4m8!1m2!2m1!1sOroCare+Sdn+Bhd+Nursing+Home!3m4!1s0x31da12c8c55530c5:0x807a1682c97f3aac!8m2!3d1.4703118!4d103.7579418",2026-04-29
Anzaletta Living Care Centre | Old Age Home in Johor Bahru | Aged Care Service | Nursing Home,anzaletta-living-care-centre-old-age-home-in-johor-bahru-age,/facilities/anzaletta-living-care-centre-old-age-home-in-johor-bahru-age,Johor Bahru,+60 16-681 1765,https://anzalettacarecentre.com/,Call for pricing,,,Nursing Home + Assisted Living + Rehabilitation,"nursing_care, physio, doctor_visit, transport, activities",All,"English, BM",Unknown,Yes,4.7,12,1.4732733,103.7331237,"https://www.google.com/maps/place/Anzaletta+Living+Care+Centre+%7C+Old+Age+Home+in+Johor+Bahru+%7C+Aged+Care+Service+%7C+Nursing+Home/@1.4732733,103.7331237,14z/data=!4m8!1m2!2m1!1sAnzaletta+Living+Care+Centre+%7C+Old+Age+Home+in+Johor+Bahru+%7C+Aged+Care+Service+%7C+Nursing+Home!3m4!1s0x31da12d73007f4d5:0xf1a6ef56c82a2449!8m2!3d1.4732733!4d103.7331237",2026-04-29
Genesis Life Care Centre JB,genesis-life-care-centre-jb,/facilities/genesis-life-care-centre-jb,Johor Bahru,+60 19-282 0457,https://genesiscare.com.my/nursing-home-in-johor-bahru/,"From RM 2,500/month","RM 2,500",,Nursing Home + Rehabilitation,"meals, nursing_care, physio, activities, dementia_care, palliative",All,BM,Unknown,Yes,4.4,14,1.4885832,103.7585894,"https://www.google.com/maps/place/Genesis+Life+Care+Centre+JB/@1.4885831999999999,103.75858939999999,14z/data=!4m8!1m2!2m1!1sGenesis+Life+Care+Centre+JB!3m4!1s0x31da6da3639c71c1:0xb6147709c380e304!8m2!3d1.4885831999999999!4d103.75858939999999",2026-04-29
PRESTIGE RESIDENCE CARE (GROUP) SDN BHD,prestige-residence-care-group-sdn-bhd,/facilities/prestige-residence-care-group-sdn-bhd,,+60 11-5991 9916,http://www.prestigecare.com.my/,Call for pricing,,,Nursing Home + Day Care + Assisted Living + Rehabilitation,"meals, laundry, nursing_care, physio, doctor_visit, transport, activities, dementia_care",All,BM,Unknown,Yes,4.4,22,1.4630126,103.7423163,"https://www.google.com/maps/place/PRESTIGE+RESIDENCE+CARE+%28GROUP%29+SDN+BHD/@1.4630125999999999,103.7423163,14z/data=!4m8!1m2!2m1!1sPRESTIGE+RESIDENCE+CARE+%28GROUP%29+SDN+BHD!3m4!1s0x31da131f43d9a655:0xa394833143c105c1!8m2!3d1.4630125999999999!4d103.7423163",2026-04-29
Evergreen ElderCare Centre EECMSIA,evergreen-eldercare-centre-eecmsia,/facilities/evergreen-eldercare-centre-eecmsia,,+60 14-338 4549,http://www.eecmsia.com/,Call for pricing,,,Nursing Home + Day Care,"meals, laundry, nursing_care, doctor_visit, transport, activities, dementia_care, palliative",Chinese-run,English,Unknown,Yes,4.8,16,1.5299613,103.7001131,"https://www.google.com/maps/place/Evergreen+ElderCare+Centre+EECMSIA/@1.5299612999999999,103.7001131,14z/data=!4m8!1m2!2m1!1sEvergreen+ElderCare+Centre+EECMSIA!3m4!1s0x31da725907354335:0xc3c84484535af4c!8m2!3d1.5299612999999999!4d103.7001131",2026-04-29
Jeta Care nursing home,jeta-care-nursing-home,/facilities/jeta-care-nursing-home,"Kulai, Johor",+60 18-769 5688,http://www.jetacare.com/,Call for pricing,,,Nursing Home + Day Care + Assisted Living + Rehabilitation,"meals, laundry, nursing_care, physio, doctor_visit, activities, dementia_care, palliative",All,"English, BM, Mandarin",Yes,Yes,4.5,50,1.6551181,103.609611,"https://www.google.com/maps/place/Jeta+Care+nursing+home/@1.6551181,103.609611,14z/data=!4m8!1m2!2m1!1sJeta+Care+nursing+home!3m4!1s0x31da79bcf98d21f3:0xc317cc9f09bd667e!8m2!3d1.6551181!4d103.609611",2026-04-29
EHA Sunview ElderCare (Kempas) 新山温馨疗养别墅 #1 Nursing Home Johor Bahru,eha-sunview-eldercare-kempas-1-nursing-home-johor-bahru,/facilities/eha-sunview-eldercare-kempas-1-nursing-home-johor-bahru,"Kempas, Johor Bahru",+60 18-788 1686,https://ehaeldercare.com.my/,"Shared: RM 1,300 | Private: RM 3,200","RM 1,300","RM 3,200",Nursing Home + Day Care + Assisted Living + Rehabilitation,"meals, laundry, nursing_care, physio, doctor_visit, activities, dementia_care",Muslim-friendly,"English, BM, Mandarin",Yes,Yes,5.0,24,1.5370126,103.693598,"https://www.google.com/maps/place/EHA+Sunview+ElderCare+%28Kempas%29+%E6%96%B0%E5%B1%B1%E6%B8%A9%E9%A6%A8%E7%96%97%E5%85%BB%E5%88%AB%E5%A2%85+%231+Nursing+Home+Johor+Bahru/@1.5370126,103.693598,14z/data=!4m8!1m2!2m1!1sEHA+Sunview+ElderCare+%28Kempas%29+%E6%96%B0%E5%B1%B1%E6%B8%A9%E9%A6%A8%E7%96%97%E5%85%BB%E5%88%AB%E5%A2%85+%231+Nursing+Home+Johor+Bahru!3m4!1s0x31da73a7b38c3443:0x63b8e2602e1875d!8m2!3d1.5370126!4d103.693598",2026-04-29
居銮疗养院 -EHA Elder Care Home (Kluang) 温馨老家 -Licensed and Certified by Government,eha-elder-care-home-kluang-licensed-and-certified-by-govern,/facilities/eha-elder-care-home-kluang-licensed-and-certified-by-govern,Kluang,+60 19-713 3697,https://ehaeldercare.com.my/,"Shared: RM 1,300 | Private: RM 3,200","RM 1,300","RM 3,200",Nursing Home + Day Care + Assisted Living + Rehabilitation,"meals, laundry, nursing_care, physio, doctor_visit, activities, dementia_care",Muslim-friendly,"English, BM, Mandarin",Yes,Yes,5.0,33,2.0477844,103.3387535,"https://www.google.com/maps/place/%E5%B1%85%E9%8A%AE%E7%96%97%E5%85%BB%E9%99%A2+-EHA+Elder+Care+Home+%28Kluang%29+%E6%B8%A9%E9%A6%A8%E8%80%81%E5%AE%B6+-Licensed+and+Certified+by+Government/@2.0477844,103.3387535,14z/data=!4m8!1m2!2m1!1s%E5%B1%85%E9%8A%AE%E7%96%97%E5%85%BB%E9%99%A2+-EHA+Elder+Care+Home+%28Kluang%29+%E6%B8%A9%E9%A6%A8%E8%80%81%E5%AE%B6+-Licensed+and+Certified+by+Government!3m4!1s0x31d06d6d8361976d:0x954b73d8404d25cd!8m2!3d2.0477844!4d103.3387535",2026-04-29
EVERLOVE ELDERLY CARE HOME JB,everlove-elderly-care-home-jb,/facilities/everlove-elderly-care-home-jb,Johor Bahru,+60 14-900 2466,,Call for pricing,,,,,,,,Yes,5.0,4,1.5661038,103.5793794,"https://www.google.com/maps/place/EVERLOVE+ELDERLY+CARE+HOME+JB/@1.5661037999999998,103.5793794,14z/data=!4m8!1m2!2m1!1sEVERLOVE+ELDERLY+CARE+HOME+JB!3m4!1s0x31da77101c4229d7:0x25491fe12b0623d7!8m2!3d1.5661037999999998!4d103.5793794",2026-04-29
Gentle Hill Elder Care,gentle-hill-elder-care,/facilities/gentle-hill-elder-care,,+60 16-822 2599,http://gentlehill.my/,Call for pricing,,,Nursing Home + Day Care + Assisted Living + Rehabilitation,"meals, nursing_care, physio, doctor_visit, transport, activities, dementia_care",Muslim-friendly,"English, BM",Unknown,Yes,4.9,43,1.6425381,103.6190332,"https://www.google.com/maps/place/Gentle+Hill+Elder+Care/@1.6425381,103.61903319999999,14z/data=!4m8!1m2!2m1!1sGentle+Hill+Elder+Care!3m4!1s0x31da795d7130cbc3:0x948d0e65c1487d84!8m2!3d1.6425381!4d103.61903319999999",2026-04-29
Pusat Jagaan Warga Emas Harmoni Cemerlang,pusat-jagaan-warga-emas-harmoni-cemerlang,/facilities/pusat-jagaan-warga-emas-harmoni-cemerlang,,+60 18-219 4809,,Call for pricing,,,,,,,,Yes,5.0,23,1.6341418,103.6215037,"https://www.google.com/maps/place/Pusat+Jagaan+Warga+Emas+Harmoni+Cemerlang/@1.6341417999999999,103.62150369999999,14z/data=!4m8!1m2!2m1!1sPusat+Jagaan+Warga+Emas+Harmoni+Cemerlang!3m4!1s0x31da793726e75cbf:0xdc3ec26a640dcaa3!8m2!3d1.6341417999999999!4d103.62150369999999",2026-04-29
G.M Care Centre,gm-care-centre,/facilities/gm-care-centre,,+60 12-774 7373,,Call for pricing,,,,,,,,Yes,5.0,5,1.9985377,103.3238513,"https://www.google.com/maps/place/G.M+Care+Centre/@1.9985377,103.3238513,14z/data=!4m8!1m2!2m1!1sG.M+Care+Centre!3m4!1s0x31d06e78ba57aca5:0xcc4c582b4ae2a435!8m2!3d1.9985377!4d103.3238513",2026-04-29
Pusat Jagaan V.R Melodies Old Folks Home,pusat-jagaan-vr-melodies-old-folks-home,/facilities/pusat-jagaan-vr-melodies-old-folks-home,,+60 7-598 9676,,Call for pricing,,,,,,,,Yes,5.0,2,1.6258306,103.6319165,"https://www.google.com/maps/place/Pusat+Jagaan+V.R+Melodies+Old+Folks+Home/@1.6258306,103.63191649999999,14z/data=!4m8!1m2!2m1!1sPusat+Jagaan+V.R+Melodies+Old+Folks+Home!3m4!1s0x31d08287edba8145:0xed78b5c2e0b9af8c!8m2!3d1.6258306!4d103.63191649999999",2026-04-29
Pusat Jagaan Pawana Sutera,pusat-jagaan-pawana-sutera,/facilities/pusat-jagaan-pawana-sutera,,+60 7-772 0889,,Call for pricing,,,,,,,,Yes,4.0,2,2.0544444,103.3518205,"https://www.google.com/maps/place/Pusat+Jagaan+Pawana+Sutera/@2.0544444,103.3518205,14z/data=!4m8!1m2!2m1!1sPusat+Jagaan+Pawana+Sutera!3m4!1s0x31d06d7be94943fb:0x27e08c5c3592f07b!8m2!3d2.0544444!4d103.3518205",2026-04-29
Miriam Home- prefer donation address,miriam-home-prefer-donation-address,/facilities/miriam-home-prefer-donation-address,,+60 7-773 0580,,Call for pricing,,,,,,,,Yes,4.8,5,2.0224954,103.3059963,"https://www.google.com/maps/place/Miriam+Home-+prefer+donation+address/@2.0224954,103.30599629999999,14z/data=!4m8!1m2!2m1!1sMiriam+Home-+prefer+donation+address!3m4!1s0x31d06c319acb5c19:0xfde7359d432143e!8m2!3d2.0224954!4d103.30599629999999",2026-04-29
Good Shepherd Care Centre,good-shepherd-care-centre,/facilities/good-shepherd-care-centre,,+60 7-652 5264,,Call for pricing,,,,,,,,,5.0,1,1.65939,103.519707,"https://www.google.com/maps/place/Good+Shepherd+Care+Centre/@1.65939,103.519707,14z/data=!4m8!1m2!2m1!1sGood+Shepherd+Care+Centre!3m4!1s0x31d082f2c64484e5:0x3f4f4cea5035cf07!8m2!3d1.65939!4d103.519707",2026-04-29
Noble Care,noble-care,/facilities/noble-care,"Tampoi, Johor Bahru",+60 16-778 6795,http://www.mynoblecare.com/,Call for pricing,,,Nursing Home + Assisted Living + Rehabilitation,"meals, nursing_care, physio, doctor_visit, activities, dementia_care, palliative",All,BM,Unknown,Yes,4.4,16,1.4996728,103.7035238,"https://www.google.com/maps/place/Noble+Care/@1.4996728,103.7035238,14z/data=!4m8!1m2!2m1!1sNoble+Care!3m4!1s0x31da73bf188fc383:0xc734296cb478b8be!8m2!3d1.4996728!4d103.7035238",2026-04-29
Green Acres Elderly Care Centre Managed By Green Acres Residence Care (Group) Sdn. Bhd.,green-acres-elderly-care-centre-managed-by-green-acres-resid,/facilities/green-acres-elderly-care-centre-managed-by-green-acres-resid,,+60 11-5991 9916,https://www.greenacreshome.com/,Call for pricing,,,Nursing Home + Rehabilitation,"meals, nursing_care, physio, doctor_visit, transport",All,BM,Unknown,Yes,4.8,4,1.5367665,103.6994563,"https://www.google.com/maps/place/Green+Acres+Elderly+Care+Centre+Managed+By+Green+Acres+Residence+Care+%28Group%29+Sdn.+Bhd./@1.5367665,103.6994563,14z/data=!4m8!1m2!2m1!1sGreen+Acres+Elderly+Care+Centre+Managed+By+Green+Acres+Residence+Care+%28Group%29+Sdn.+Bhd.!3m4!1s0x31da72392c3e7e2f:0x4177f0ae3052be4a!8m2!3d1.5367665!4d103.6994563",2026-04-29
Lee Nursing 李护理疗养院,lee-nursing,/facilities/lee-nursing,,+60 12-777 6673,http://www.facebook.com/Lee-Nursing-Home-101030911675780,Call for pricing,,,,,,,,Yes,3.0,2,1.5303892,103.6556089,"https://www.google.com/maps/place/Lee+Nursing+%E6%9D%8E%E6%8A%A4%E7%90%86%E7%96%97%E5%85%BB%E9%99%A2/@1.5303892,103.65560889999999,14z/data=!4m8!1m2!2m1!1sLee+Nursing+%E6%9D%8E%E6%8A%A4%E7%90%86%E7%96%97%E5%85%BB%E9%99%A2!3m4!1s0x31da73bd148b78e1:0xa4f1e6f16585128!8m2!3d1.5303892!4d103.65560889999999",2026-04-29
Lotus Ville Care Centre,lotus-ville-care-centre,/facilities/lotus-ville-care-centre,,+60 17-737 1233,https://lotusville.org.my/,Call for pricing,,,,,,,,Yes,4.0,8,1.5490075,103.800935,"https://www.google.com/maps/place/Lotus+Ville+Care+Centre/@1.5490074999999999,103.800935,14z/data=!4m8!1m2!2m1!1sLotus+Ville+Care+Centre!3m4!1s0x31da6d9ab746c9b3:0x17a5fd5a05d70ab3!8m2!3d1.5490074999999999!4d103.800935",2026-04-29
"Yong An Old Folks Care Centre - Ulu Tiram, JB",yong-an-old-folks-care-centre-ulu-tiram-jb,/facilities/yong-an-old-folks-care-centre-ulu-tiram-jb,Ulu Tiram,+60 10-222 2566,https://yongan-evercare.com/,"Shared: RM 2,400 | Private: RM 2,700","RM 2,400","RM 2,700",Nursing Home + Day Care + Rehabilitation,"meals, nursing_care, physio, doctor_visit, activities",Chinese-run,"BM, Mandarin",Unknown,Yes,4.0,5,1.5945624,103.8174072,"https://www.google.com/maps/place/Yong+An+Old+Folks+Care+Centre+-+Ulu+Tiram%2C+JB/@1.5945623999999998,103.81740719999999,14z/data=!4m8!1m2!2m1!1sYong+An+Old+Folks+Care+Centre+-+Ulu+Tiram%2C+JB!3m4!1s0x31da6f12421a60cb:0x4c5b67870b0ffcd2!8m2!3d1.5945623999999998!4d103.81740719999999",2026-04-29
AustinLoyal Care Centre,austinloyal-care-centre,/facilities/austinloyal-care-centre,,+60 19-219 9828,http://www.austinloyal.com/,Call for pricing,,,Nursing Home,,All,BM,Unknown,Yes,1.9,260,1.5608227,103.7809224,"https://www.google.com/maps/place/AustinLoyal+Care+Centre/@1.5608227,103.7809224,14z/data=!4m8!1m2!2m1!1sAustinLoyal+Care+Centre!3m4!1s0x31da6e860a5a75e9:0x9525851a59f20c00!8m2!3d1.5608227!4d103.7809224",2026-04-29
Liang He Elderly Care Center 良禾托老之家,liang-he-elderly-care-center,/facilities/liang-he-elderly-care-center,,+60 16-221 1828,,Call for pricing,,,,,,,,,,0,1.5871637,103.8160789,"https://www.google.com/maps/place/Liang+He+Elderly+Care+Center+%E8%89%AF%E7%A6%BE%E6%89%98%E8%80%81%E4%B9%8B%E5%AE%B6/@1.5871636999999998,103.8160789,14z/data=!4m8!1m2!2m1!1sLiang+He+Elderly+Care+Center+%E8%89%AF%E7%A6%BE%E6%89%98%E8%80%81%E4%B9%8B%E5%AE%B6!3m4!1s0x31da6f007a326a49:0x43228e86f8436d81!8m2!3d1.5871636999999998!4d103.8160789",2026-04-29
居銮疗养院 - 悦年华养生苑 Blissful Senior Care Centre（ Licensed and Certified by Government）,blissful-senior-care-centre-licensed-and-certified-by-gover,/facilities/blissful-senior-care-centre-licensed-and-certified-by-gover,,+60 19-735 7353,,Call for pricing,,,,,,,,Yes,4.8,22,2.0522143,103.3374549,"https://www.google.com/maps/place/%E5%B1%85%E9%8A%AE%E7%96%97%E5%85%BB%E9%99%A2+-+%E6%82%A6%E5%B9%B4%E5%8D%8E%E5%85%BB%E7%94%9F%E8%8B%91+Blissful+Senior+Care+Centre%EF%BC%88+Licensed+and+Certified+by+Government%EF%BC%89/@2.0522142999999997,103.3374549,14z/data=!4m8!1m2!2m1!1s%E5%B1%85%E9%8A%AE%E7%96%97%E5%85%BB%E9%99%A2+-+%E6%82%A6%E5%B9%B4%E5%8D%8E%E5%85%BB%E7%94%9F%E8%8B%91+Blissful+Senior+Care+Centre%EF%BC%88+Licensed+and+Certified+by+Government%EF%BC%89!3m4!1s0x31d06dc20de55c85:0xdea1cd251451fa38!8m2!3d2.0522142999999997!4d103.3374549",2026-04-29
"JOY Elder Care Home( Best in Kluang,)",joy-elder-care-home-best-in-kluang,/facilities/joy-elder-care-home-best-in-kluang,Kluang,+60 10-716 7487,,Call for pricing,,,,,,,,,4.8,4,2.0015701,103.2934282,"https://www.google.com/maps/place/JOY+Elder+Care+Home%28+Best+in+Kluang%2C%29/@2.0015701,103.2934282,14z/data=!4m8!1m2!2m1!1sJOY+Elder+Care+Home%28+Best+in+Kluang%2C%29!3m4!1s0x31d06f537ed1f0f9:0x22a8bcb096042fbb!8m2!3d2.0015701!4d103.2934282",2026-04-29
JR Segamat Care Centre,jr-segamat-care-centre,/facilities/jr-segamat-care-centre,,+60 12-988 7429,https://johnsonresidence.com.my/,Call for pricing,,,Nursing Home + Day Care + Assisted Living + Rehabilitation,"meals, laundry, nursing_care, physio, doctor_visit, transport, activities",Tamil-friendly,"English, BM, Mandarin",Unknown,,5.0,1,2.4937193,102.8643258,"https://www.google.com/maps/place/JR+Segamat+Care+Centre/@2.4937193,102.86432579999999,14z/data=!4m8!1m2!2m1!1sJR+Segamat+Care+Centre!3m4!1s0x31cfd396ce3055d9:0xfb462f4b8f65d671!8m2!3d2.4937193!4d102.86432579999999",2026-04-29
Golden Age Care Centre,golden-age-care-centre,/facilities/golden-age-care-centre,,+60 12-988 7711,https://www.facebook.com/goldenagecc,Call for pricing,,,,,,,,,3.9,8,2.0768552,102.5818204,"https://www.google.com/maps/place/Golden+Age+Care+Centre/@2.0768552,102.5818204,14z/data=!4m8!1m2!2m1!1sGolden+Age+Care+Centre!3m4!1s0x31d1b96b13ab91f5:0xcfaf2291c89c24d9!8m2!3d2.0768552!4d102.5818204",2026-04-29
Cozzi Confinement Center | Yong Peng 娘家精致月子中心,cozzi-confinement-center-yong-peng,/facilities/cozzi-confinement-center-yong-peng,,+60 12-724 1013,https://cozziconfinement.com.my/,Call for pricing,,,Nursing Home,"meals, laundry, nursing_care, transport, activities",Chinese-run,"English, Mandarin",Unknown,,,0,2.020674,103.0811192,"https://www.google.com/maps/place/Cozzi+Confinement+Center+%7C+Yong+Peng+%E5%A8%98%E5%AE%B6%E7%B2%BE%E8%87%B4%E6%9C%88%E5%AD%90%E4%B8%AD%E5%BF%83/@2.020674,103.08111919999999,14z/data=!4m8!1m2!2m1!1sCozzi+Confinement+Center+%7C+Yong+Peng+%E5%A8%98%E5%AE%B6%E7%B2%BE%E8%87%B4%E6%9C%88%E5%AD%90%E4%B8%AD%E5%BF%83!3m4!1s0x31d04770f42e8509:0xef67629416af808d!8m2!3d2.020674!4d103.08111919999999",2026-04-29
Haywood Senior Living Medini Johor Bahru,haywood-senior-living-medini-johor-bahru,/facilities/haywood-senior-living-medini-johor-bahru,Johor Bahru,+60 11-5587 9788,https://haywoodliving.co/,Call for pricing,,,Nursing Home + Day Care + Assisted Living + Rehabilitation,"meals, nursing_care, physio, doctor_visit, transport, activities, dementia_care, palliative",All,"English, BM, Mandarin",Unknown,Yes,5.0,40,1.4214148,103.6298446,"https://www.google.com/maps/place/Haywood+Senior+Living+Medini+Johor+Bahru/@1.4214148,103.6298446,14z/data=!4m8!1m2!2m1!1sHaywood+Senior+Living+Medini+Johor+Bahru!3m4!1s0x31da0b3344abd2cf:0x30403f4dde3c1657!8m2!3d1.4214148!4d103.6298446",2026-04-29
Peaceful Nest Special Care Centre 康宁特殊照护中心,peaceful-nest-special-care-centre,/facilities/peaceful-nest-special-care-centre,,+60 11-1638 2513,,Call for pricing,,,,,,,,,5.0,1,2.4957857,102.8475575,"https://www.google.com/maps/place/Peaceful+Nest+Special+Care+Centre+%E5%BA%B7%E5%AE%81%E7%89%B9%E6%AE%8A%E7%85%A7%E6%8A%A4%E4%B8%AD%E5%BF%83/@2.4957857,102.8475575,14z/data=!4m8!1m2!2m1!1sPeaceful+Nest+Special+Care+Centre+%E5%BA%B7%E5%AE%81%E7%89%B9%E6%AE%8A%E7%85%A7%E6%8A%A4%E4%B8%AD%E5%BF%83!3m4!1s0x31cfd341805bc53b:0xd2020d55edc66e02!8m2!3d2.4957857!4d102.8475575",2026-04-29
Pusat Jagaan Warga Istimewa Triple One Tangkak,pusat-jagaan-warga-istimewa-triple-one-tangkak,/facilities/pusat-jagaan-warga-istimewa-triple-one-tangkak,,+60 16-200 8448,,Call for pricing,,,,,,,,,4.9,8,2.3072506,102.6085552,"https://www.google.com/maps/place/Pusat+Jagaan+Warga+Istimewa+Triple+One+Tangkak/@2.3072505999999997,102.6085552,14z/data=!4m8!1m2!2m1!1sPusat+Jagaan+Warga+Istimewa+Triple+One+Tangkak!3m4!1s0x31d1db002d997541:0x45887fec2ffc9465!8m2!3d2.3072505999999997!4d102.6085552",2026-04-29
Ru Jia Care Center 如家特殊托顾中心,ru-jia-care-center,/facilities/ru-jia-care-center,,,,Call for pricing,,,,,,,,,5.0,5,2.4973494,102.8662686,"https://www.google.com/maps/place/Ru+Jia+Care+Center+%E5%A6%82%E5%AE%B6%E7%89%B9%E6%AE%8A%E6%89%98%E9%A1%BE%E4%B8%AD%E5%BF%83/@2.4973494,102.8662686,14z/data=!4m8!1m2!2m1!1sRu+Jia+Care+Center+%E5%A6%82%E5%AE%B6%E7%89%B9%E6%AE%8A%E6%89%98%E9%A1%BE%E4%B8%AD%E5%BF%83!3m4!1s0x31cfd3ffdceb75b7:0xaf64abc64c03e28c!8m2!3d2.4973494!4d102.8662686",2026-04-29
GOLDEN AGE CARE CENTRE TANGKAK,golden-age-care-centre-tangkak,/facilities/golden-age-care-centre-tangkak,,+60 18-952 7711,https://gacc.com.my/,Call for pricing,,,Nursing Home + Day Care + Assisted Living + Rehabilitation,"meals, nursing_care, physio, transport, activities, dementia_care",All,"English, BM, Mandarin",Unknown,,4.0,3,2.268128,102.5525229,"https://www.google.com/maps/place/GOLDEN+AGE+CARE+CENTRE+TANGKAK/@2.268128,102.5525229,14z/data=!4m8!1m2!2m1!1sGOLDEN+AGE+CARE+CENTRE+TANGKAK!3m4!1s0x31d1db31f191a395:0xee3da8b449145608!8m2!3d2.268128!4d102.5525229",2026-04-29
Dynamic Home Care James,dynamic-home-care-james,/facilities/dynamic-home-care-james,,,,Call for pricing,,,,,,,,,,0,2.2313166,102.6259179,"https://www.google.com/maps/place/Dynamic+Home+Care+James/@2.2313166,102.62591789999999,14z/data=!4m8!1m2!2m1!1sDynamic+Home+Care+James!3m4!1s0x31d1cf772c58aee1:0x47ade5052da31ab4!8m2!3d2.2313166!4d102.62591789999999",2026-04-29
Pusat Jagaan Murni Bahagia,pusat-jagaan-murni-bahagia,/facilities/pusat-jagaan-murni-bahagia,,+60 12-972 8982,,Call for pricing,,,,,,,,Yes,3.0,2,2.4863195,102.8542506,"https://www.google.com/maps/place/Pusat+Jagaan+Murni+Bahagia/@2.4863195,102.8542506,14z/data=!4m8!1m2!2m1!1sPusat+Jagaan+Murni+Bahagia!3m4!1s0x31cfd39d27debac1:0x6826b4eba332dd7e!8m2!3d2.4863195!4d102.8542506",2026-04-29
Rumah Orang Tua Bukit Siput 武吉仕砵老人院,rumah-orang-tua-bukit-siput,/facilities/rumah-orang-tua-bukit-siput,,,,Call for pricing,,,,,,,,Yes,5.0,1,2.4862165,102.8474882,"https://www.google.com/maps/place/Rumah+Orang+Tua+Bukit+Siput+%E6%AD%A6%E5%90%89%E4%BB%95%E7%A0%B5%E8%80%81%E4%BA%BA%E9%99%A2/@2.4862165,102.8474882,14z/data=!4m8!1m2!2m1!1sRumah+Orang+Tua+Bukit+Siput+%E6%AD%A6%E5%90%89%E4%BB%95%E7%A0%B5%E8%80%81%E4%BA%BA%E9%99%A2!3m4!1s0x31cfd3982297d703:0x2043d547dce5731d!8m2!3d2.4862165!4d102.8474882",2026-04-29
Summer Eldercare Johor Bahru,summer-eldercare-johor-bahru,/facilities/summer-eldercare-johor-bahru,Johor Bahru,+60 17-220 3342,https://summereldercare.my.canva.site/,Call for pricing,,,Nursing Home,,All,"English, BM",Unknown,,5.0,5,1.5306752,103.7716821,"https://www.google.com/maps/place/Summer+Eldercare+Johor+Bahru/@1.5306752,103.77168209999999,14z/data=!4m8!1m2!2m1!1sSummer+Eldercare+Johor+Bahru!3m4!1s0x31da6f5405285b07:0xf50e52ef1e216605!8m2!3d1.5306752!4d103.77168209999999",2026-04-29
Pusat Jagaan Warga Emas Nur Ehsan Tangkak,pusat-jagaan-warga-emas-nur-ehsan-tangkak,/facilities/pusat-jagaan-warga-emas-nur-ehsan-tangkak,,+60 12-925 1995,,Call for pricing,,,,,,,,Yes,,0,2.2757253,102.5423144,"https://www.google.com/maps/place/Pusat+Jagaan+Warga+Emas+Nur+Ehsan+Tangkak/@2.2757253,102.5423144,14z/data=!4m8!1m2!2m1!1sPusat+Jagaan+Warga+Emas+Nur+Ehsan+Tangkak!3m4!1s0x31d1db79a30bd985:0x95d365be594b12d3!8m2!3d2.2757253!4d102.5423144",2026-04-29
Pusat jagaan kebajikan Manna Sinar Cahaya,pusat-jagaan-kebajikan-manna-sinar-cahaya,/facilities/pusat-jagaan-kebajikan-manna-sinar-cahaya,,+60 10-824 0997,,Call for pricing,,,,,,,,Yes,3.9,7,1.5560769,103.8069728,"https://www.google.com/maps/place/Pusat+jagaan+kebajikan+Manna+Sinar+Cahaya/@1.5560768999999999,103.8069728,14z/data=!4m8!1m2!2m1!1sPusat+jagaan+kebajikan+Manna+Sinar+Cahaya!3m4!1s0x31da6d3ecc1590d7:0x3c442470ee488d9f!8m2!3d1.5560768999999999!4d103.8069728",2026-04-29
Master Nursing Care Centre @Daya,master-nursing-care-centre-daya,/facilities/master-nursing-care-centre-daya,,,https://www.facebook.com/carecentrejbmsia/,Call for pricing,,,,,,,,Yes,5.0,4,1.5441562,103.7582849,"https://www.google.com/maps/place/Master+Nursing+Care+Centre+%40Daya/@1.5441562,103.75828489999999,14z/data=!4m8!1m2!2m1!1sMaster+Nursing+Care+Centre+%40Daya!3m4!1s0x31da6d5d618c489d:0x5d201f6cea53f68e!8m2!3d1.5441562!4d103.75828489999999",2026-04-29
"Hibiscus Serenity Care Centre || 疗养院 Nursing Home in Larkin, Johor Bahru (JB)",hibiscus-serenity-care-centre-nursing-home-in-larkin-johor-b,/facilities/hibiscus-serenity-care-centre-nursing-home-in-larkin-johor-b,Johor Bahru,+60 12-777 6673,https://www.hibiscus-care.com/,Call for pricing,,,Nursing Home + Day Care + Rehabilitation,"meals, laundry, nursing_care, physio, doctor_visit, transport",Chinese-run,"English, BM",Unknown,Yes,5.0,7,1.5138497,103.7414915,"https://www.google.com/maps/place/Hibiscus+Serenity+Care+Centre+%7C%7C+%E7%96%97%E5%85%BB%E9%99%A2+Nursing+Home+in+Larkin%2C+Johor+Bahru+%28JB%29/@1.5138497,103.7414915,14z/data=!4m8!1m2!2m1!1sHibiscus+Serenity+Care+Centre+%7C%7C+%E7%96%97%E5%85%BB%E9%99%A2+Nursing+Home+in+Larkin%2C+Johor+Bahru+%28JB%29!3m4!1s0x31da6d490e66d95f:0xc7a5c7831897eb26!8m2!3d1.5138497!4d103.7414915",2026-04-29
Ren Ren Nursing Care Homes,ren-ren-nursing-care-homes,/facilities/ren-ren-nursing-care-homes,,+60 17-680 7528,,Call for pricing,,,,,,,,Yes,3.0,8,1.5143427,103.7642518,"https://www.google.com/maps/place/Ren+Ren+Nursing+Care+Homes/@1.5143427,103.7642518,14z/data=!4m8!1m2!2m1!1sRen+Ren+Nursing+Care+Homes!3m4!1s0x31da6d622f0f9425:0x4751a187f0d3f495!8m2!3d1.5143427!4d103.7642518",2026-04-29
Aminah Golden Care Centre,aminah-golden-care-centre,/facilities/aminah-golden-care-centre,,+60 11-1275 8485,,Call for pricing,,,,,,,,,,0,1.637465,103.2870903,"https://www.google.com/maps/place/Aminah+Golden+Care+Centre/@1.637465,103.28709029999999,14z/data=!4m8!1m2!2m1!1sAminah+Golden+Care+Centre!3m4!1s0x31d08d9afa11605b:0x649e49c35fa4a66e!8m2!3d1.637465!4d103.28709029999999",2026-04-29
Pine Tree Home Care Centre,pine-tree-home-care-centre,/facilities/pine-tree-home-care-centre,,+60 19-776 6666,,Call for pricing,,,,,,,,Yes,3.0,1,1.4941937,103.3947676,"https://www.google.com/maps/place/Pine+Tree+Home+Care+Centre/@1.4941936999999998,103.3947676,14z/data=!4m8!1m2!2m1!1sPine+Tree+Home+Care+Centre!3m4!1s0x31d099b7f98fd47d:0x2b4c33e1116c231d!8m2!3d1.4941936999999998!4d103.3947676",2026-04-29
Roseville Villa Residential Home Care,roseville-villa-residential-home-care,/facilities/roseville-villa-residential-home-care,,+60 7-687 3577,,Call for pricing,,,,,,,,Yes,3.5,4,1.49424,103.395,"https://www.google.com/maps/place/Roseville+Villa+Residential+Home+Care/@1.49424,103.395,14z/data=!4m8!1m2!2m1!1sRoseville+Villa+Residential+Home+Care!3m4!1s0x31d098666d7efa97:0xa0c6aef239f9ec3e!8m2!3d1.49424!4d103.395",2026-04-29
Master Care Centre • Taman Abad,master-care-centre-taman-abad,/facilities/master-care-centre-taman-abad,,+60 11-1080 1805,,Call for pricing,,,,,,,,,4.7,6,1.477167,103.7571437,"https://www.google.com/maps/place/Master+Care+Centre+%E2%80%A2+Taman+Abad/@1.477167,103.7571437,14z/data=!4m8!1m2!2m1!1sMaster+Care+Centre+%E2%80%A2+Taman+Abad!3m4!1s0x31da13030da70d2f:0x2797b832e38af3d8!8m2!3d1.477167!4d103.7571437",2026-04-29
Sunrise Care Centre Sdn Bhd,sunrise-care-centre-sdn-bhd,/facilities/sunrise-care-centre-sdn-bhd,,+60 7-333 7715,https://www.rebinasunrise.com/,Call for pricing,,,Nursing Home + Rehabilitation,"nursing_care, physio, doctor_visit, activities, palliative",All,"English, BM",Unknown,Yes,5.0,3,1.4888862,103.7575633,"https://www.google.com/maps/place/Sunrise+Care+Centre+Sdn+Bhd/@1.4888861999999998,103.7575633,14z/data=!4m8!1m2!2m1!1sSunrise+Care+Centre+Sdn+Bhd!3m4!1s0x31da6d39819c82b9:0xd7bf4a7d8761faad!8m2!3d1.4888861999999998!4d103.7575633",2026-04-29
Alda Homes Eldercare,alda-homes-eldercare,/facilities/alda-homes-eldercare,,+60 10-712 8260,,Call for pricing,,,,,,,,Yes,4.2,11,1.4860613,103.756927,"https://www.google.com/maps/place/Alda+Homes+Eldercare/@1.4860613,103.75692699999999,14z/data=!4m8!1m2!2m1!1sAlda+Homes+Eldercare!3m4!1s0x31da6d3bd9d3be17:0x28a5394f73f55987!8m2!3d1.4860613!4d103.75692699999999",2026-04-29
AX Nursing Home PLT,ax-nursing-home-plt,/facilities/ax-nursing-home-plt,,+60 11-5999 9905,https://web.facebook.com/axnursinghome,Call for pricing,,,,,,,,Yes,3.0,2,1.4990707,103.7625734,"https://www.google.com/maps/place/AX+Nursing+Home+PLT/@1.4990706999999999,103.7625734,14z/data=!4m8!1m2!2m1!1sAX+Nursing+Home+PLT!3m4!1s0x31da6d41f406ca19:0xd13d712b859fd6be!8m2!3d1.4990706999999999!4d103.7625734",2026-04-29
Rebina Home Care Centre Sdn Bhd,rebina-home-care-centre-sdn-bhd,/facilities/rebina-home-care-centre-sdn-bhd,,,,Call for pricing,,,,,,,,,3.5,2,1.4854122,103.7569052,"https://www.google.com/maps/place/Rebina+Home+Care+Centre+Sdn+Bhd/@1.4854121999999998,103.75690519999999,14z/data=!4m8!1m2!2m1!1sRebina+Home+Care+Centre+Sdn+Bhd!3m4!1s0x31da6d007e2c28e5:0x7f6a98250cdb8be1!8m2!3d1.4854121999999998!4d103.75690519999999",2026-04-29
Pusat Perjagaan Orang Tua Ren Ai 仁愛安老院,pusat-perjagaan-orang-tua-ren-ai,/facilities/pusat-perjagaan-orang-tua-ren-ai,,+60 7-599 1944,https://www.facebook.com/RenAiSenai/,Call for pricing,,,,,,,,Yes,,0,1.6286145,103.6356158,"https://www.google.com/maps/place/Pusat+Perjagaan+Orang+Tua+Ren+Ai+%E4%BB%81%E6%84%9B%E5%AE%89%E8%80%81%E9%99%A2/@1.6286144999999999,103.6356158,14z/data=!4m8!1m2!2m1!1sPusat+Perjagaan+Orang+Tua+Ren+Ai+%E4%BB%81%E6%84%9B%E5%AE%89%E8%80%81%E9%99%A2!3m4!1s0x31da77e54e82d2d1:0x72c548a649d5e8fd!8m2!3d1.6286144999999999!4d103.6356158",2026-04-29
MK ELDERCARE CENTRE 乐樂龄,mk-eldercare-centre,/facilities/mk-eldercare-centre,,+60 10-798 5622,,Call for pricing,,,,,,,,,5.0,2,1.5788511,103.8111516,"https://www.google.com/maps/place/MK+ELDERCARE+CENTRE+%E4%B9%90%E6%A8%82%E9%BE%84/@1.5788510999999998,103.8111516,14z/data=!4m8!1m2!2m1!1sMK+ELDERCARE+CENTRE+%E4%B9%90%E6%A8%82%E9%BE%84!3m4!1s0x31da6d7298674421:0xc1393be82548e423!8m2!3d1.5788510999999998!4d103.8111516",2026-04-29
Fu Ka Care Center,fu-ka-care-center,/facilities/fu-ka-care-center,,+60 19-381 4521,https://web.facebook.com/fukacarecenter,Call for pricing,,,,,,,,Yes,5.0,24,1.5244638,103.7048526,"https://www.google.com/maps/place/Fu+Ka+Care+Center/@1.5244638,103.7048526,14z/data=!4m8!1m2!2m1!1sFu+Ka+Care+Center!3m4!1s0x31da737dbe42e527:0xd207a1e0a7836c23!8m2!3d1.5244638!4d103.7048526",2026-04-29
Pusat Jagaan Orang Tua Yeo JB,pusat-jagaan-orang-tua-yeo-jb,/facilities/pusat-jagaan-orang-tua-yeo-jb,Johor Bahru,+60 16-717 3127,https://www.facebook.com/gracehome.yeo,Call for pricing,,,,,,,,Yes,,0,1.537067,103.697532,"https://www.google.com/maps/place/Pusat+Jagaan+Orang+Tua+Yeo+JB/@1.537067,103.697532,14z/data=!4m8!1m2!2m1!1sPusat+Jagaan+Orang+Tua+Yeo+JB!3m4!1s0x31da12d9acd2a987:0xc33c673cd9078dbd!8m2!3d1.537067!4d103.697532",2026-04-29
Pusat Jagaan Warga Emas Nur Ehsan,pusat-jagaan-warga-emas-nur-ehsan,/facilities/pusat-jagaan-warga-emas-nur-ehsan,,+60 7-232 6415,https://m.facebook.com/pages/category/Public-Service/Pusat-Jagaan-Warga-Emas-Nur-Ehsan-1051759248276730/,Call for pricing,,,,,,,,Yes,4.3,19,1.5209635,103.7242064,"https://www.google.com/maps/place/Pusat+Jagaan+Warga+Emas+Nur+Ehsan/@1.5209635,103.7242064,14z/data=!4m8!1m2!2m1!1sPusat+Jagaan+Warga+Emas+Nur+Ehsan!3m4!1s0x31da727940fe1213:0xdcac0d23c65bb543!8m2!3d1.5209635!4d103.7242064",2026-04-29
Agape Care Centre,agape-care-centre,/facilities/agape-care-centre,,+60 7-238 6880,,Call for pricing,,,,,,,,,4.6,5,1.5290905,103.7117116,"https://www.google.com/maps/place/Agape+Care+Centre/@1.5290905,103.7117116,14z/data=!4m8!1m2!2m1!1sAgape+Care+Centre!3m4!1s0x31da726fac9eb8bf:0xa22889c86e1266d0!8m2!3d1.5290905!4d103.7117116",2026-04-29
SLG NURSING HOME Muar,slg-nursing-home-muar,/facilities/slg-nursing-home-muar,Muar,+60 11-1603 9968,,Call for pricing,,,,,,,,,5.0,1,2.0819782,102.5796798,"https://www.google.com/maps/place/SLG+NURSING+HOME+Muar/@2.0819782,102.5796798,14z/data=!4m8!1m2!2m1!1sSLG+NURSING+HOME+Muar!3m4!1s0x31d1b9007ada5487:0xbcb2dea2935e7a32!8m2!3d2.0819782!4d102.5796798",2026-04-29
SLG NURSING HOME,slg-nursing-home,/facilities/slg-nursing-home,,+60 11-1603 9968,,Call for pricing,,,,,,,,,,0,2.0819034,102.5796916,"https://www.google.com/maps/place/SLG+NURSING+HOME/@2.0819034,102.57969159999999,14z/data=!4m8!1m2!2m1!1sSLG+NURSING+HOME!3m4!1s0x31d1b987b2f4f3fd:0x1048299d9c0224d!8m2!3d2.0819034!4d102.57969159999999",2026-04-29
comfort home care centre,comfort-home-care-centre,/facilities/comfort-home-care-centre,,+60 12-696 9403,,Call for pricing,,,,,,,,Yes,5.0,5,2.065159,102.6047471,"https://www.google.com/maps/place/comfort+home+care+centre/@2.065159,102.6047471,14z/data=!4m8!1m2!2m1!1scomfort+home+care+centre!3m4!1s0x31d1b9c7efd618ad:0x4bbe1bbdf962387a!8m2!3d2.065159!4d102.6047471",2026-04-29
Sincere Heart Care Centre 爱馨养老院,sincere-heart-care-centre,/facilities/sincere-heart-care-centre,,+60 12-696 9403,,Call for pricing,,,,,,,,,5.0,2,2.0636772,102.6009967,"https://www.google.com/maps/place/Sincere+Heart+Care+Centre+%E7%88%B1%E9%A6%A8%E5%85%BB%E8%80%81%E9%99%A2/@2.0636772,102.6009967,14z/data=!4m8!1m2!2m1!1sSincere+Heart+Care+Centre+%E7%88%B1%E9%A6%A8%E5%85%BB%E8%80%81%E9%99%A2!3m4!1s0x31d1b99c821d4dbb:0xb81c5356ebb245dd!8m2!3d2.0636772!4d102.6009967",2026-04-29
Graceville Senior Care Centre 美好疗养中心,graceville-senior-care-centre,/facilities/graceville-senior-care-centre,,+60 12-611 9093,,Call for pricing,,,,,,,,Yes,4.8,9,2.0642373,102.6009954,"https://www.google.com/maps/place/Graceville+Senior+Care+Centre+%E7%BE%8E%E5%A5%BD%E7%96%97%E5%85%BB%E4%B8%AD%E5%BF%83/@2.0642373,102.6009954,14z/data=!4m8!1m2!2m1!1sGraceville+Senior+Care+Centre+%E7%BE%8E%E5%A5%BD%E7%96%97%E5%85%BB%E4%B8%AD%E5%BF%83!3m4!1s0x31d1b83831cabe5b:0xb79e8d296d4e6d3b!8m2!3d2.0642373!4d102.6009954",2026-04-29
Graceville Care Centre 美好疗养中心 (Sungai Mati),graceville-care-centre-sungai-mati,/facilities/graceville-care-centre-sungai-mati,,+60 12-611 9093,,Call for pricing,,,,,,,,Yes,,0,2.1130788,102.5512522,"https://www.google.com/maps/place/Graceville+Care+Centre+%E7%BE%8E%E5%A5%BD%E7%96%97%E5%85%BB%E4%B8%AD%E5%BF%83+%28Sungai+Mati%29/@2.1130788,102.5512522,14z/data=!4m8!1m2!2m1!1sGraceville+Care+Centre+%E7%BE%8E%E5%A5%BD%E7%96%97%E5%85%BB%E4%B8%AD%E5%BF%83+%28Sungai+Mati%29!3m4!1s0x31d1b9a569a4b2a7:0x592131c0835a3dc!8m2!3d2.1130788!4d102.5512522",2026-04-29
Wcc WoundCare & Nursing Centre,wcc-woundcare-nursing-centre,/facilities/wcc-woundcare-nursing-centre,,+60 13-379 4428,,Call for pricing,,,,,,,,Yes,5.0,1,2.0633962,102.5937467,"https://www.google.com/maps/place/Wcc+WoundCare+%26+Nursing+Centre/@2.0633962,102.5937467,14z/data=!4m8!1m2!2m1!1sWcc+WoundCare+%26+Nursing+Centre!3m4!1s0x31d1b97c9da8469d:0x11bc0cbae2880ab9!8m2!3d2.0633962!4d102.5937467",2026-04-29
Green Acres Home Care Centre- Managed By Green Acres Residence Care (Group) Sdn. Bhd.,green-acres-home-care-centre-managed-by-green-acres-residenc,/facilities/green-acres-home-care-centre-managed-by-green-acres-residenc,,+60 11-5991 9916,https://www.greenacreshome.com/,Call for pricing,,,Nursing Home + Rehabilitation,"meals, nursing_care, physio, doctor_visit, transport",All,BM,Unknown,,,0,1.468122,103.7632869,"https://www.google.com/maps/place/Green+Acres+Home+Care+Centre-+Managed+By+Green+Acres+Residence+Care+%28Group%29+Sdn.+Bhd./@1.468122,103.7632869,14z/data=!4m8!1m2!2m1!1sGreen+Acres+Home+Care+Centre-+Managed+By+Green+Acres+Residence+Care+%28Group%29+Sdn.+Bhd.!3m4!1s0x31da130678e8b3a7:0x71bf7af2878d8992!8m2!3d1.468122!4d103.7632869",2026-04-29
Ummi Naura Care Centre,ummi-naura-care-centre,/facilities/ummi-naura-care-centre,,+60 13-979 6861,http://umminauracarecentre.wordpress.com/,Call for pricing,,,Nursing Home,,All,"English, BM",Unknown,Yes,,0,2.0648796,102.5795522,"https://www.google.com/maps/place/Ummi+Naura+Care+Centre/@2.0648796,102.5795522,14z/data=!4m8!1m2!2m1!1sUmmi+Naura+Care+Centre!3m4!1s0x31d1b9d301865c1f:0x6b61b59d116a7bec!8m2!3d2.0648796!4d102.5795522",2026-04-29
Lee Nursing Home,lee-nursing-home,/facilities/lee-nursing-home,,+60 12-787 1461,,Call for pricing,,,,,,,,,,0,2.0386283,102.5712683,"https://www.google.com/maps/place/Lee+Nursing+Home/@2.0386283,102.5712683,14z/data=!4m8!1m2!2m1!1sLee+Nursing+Home!3m4!1s0x31d1b90b9fc7ee61:0x5e3962237a00947!8m2!3d2.0386283!4d102.5712683",2026-04-29
Pusat Sri Kenangan,pusat-sri-kenangan,/facilities/pusat-sri-kenangan,,+60 6-954 2489,,Call for pricing,,,,,,,,Yes,1,1,2.148053,102.6488498,"https://www.google.com/maps/place/Pusat+Sri+Kenangan/@2.148053,102.6488498,14z/data=!4m8!1m2!2m1!1sPusat+Sri+Kenangan!3m4!1s0x31d1c8ebb5658139:0x593c2307965fc82b!8m2!3d2.148053!4d102.6488498",2026-04-29
麻坡养心院,,/facilities/,,,https://www.facebook.com/share/13nx3m6WB9/%3Fmibextid%3DLQQJ4d,Call for pricing,,,,,,,,,5.0,1,2.068525,102.5684752,"https://www.google.com/maps/place/%E9%BA%BB%E5%9D%A1%E5%85%BB%E5%BF%83%E9%99%A2/@2.0685249999999997,102.5684752,14z/data=!4m8!1m2!2m1!1s%E9%BA%BB%E5%9D%A1%E5%85%BB%E5%BF%83%E9%99%A2!3m4!1s0x31d1b9002a367ee9:0x72c9dacf6f184bb8!8m2!3d2.0685249999999997!4d102.5684752",2026-04-29
Cozzi Confinement Center | Muar 娘家精致月子中心,cozzi-confinement-center-muar,/facilities/cozzi-confinement-center-muar,Muar,+60 12-712 6705,https://cozziconfinement.com.my/,Call for pricing,,,Nursing Home,"meals, laundry, nursing_care, transport, activities",Chinese-run,"English, Mandarin",Unknown,Yes,3.7,3,2.0509687,102.6076683,"https://www.google.com/maps/place/Cozzi+Confinement+Center+%7C+Muar+%E5%A8%98%E5%AE%B6%E7%B2%BE%E8%87%B4%E6%9C%88%E5%AD%90%E4%B8%AD%E5%BF%83/@2.0509687,102.6076683,14z/data=!4m8!1m2!2m1!1sCozzi+Confinement+Center+%7C+Muar+%E5%A8%98%E5%AE%B6%E7%B2%BE%E8%87%B4%E6%9C%88%E5%AD%90%E4%B8%AD%E5%BF%83!3m4!1s0x31d1b9909b001951:0x54e3e8895565f042!8m2!3d2.0509687!4d102.6076683",2026-04-29
Pusat Sri Kenangan,pusat-sri-kenangan-2,/facilities/pusat-sri-kenangan-2,,+60 6-953 9098,,Call for pricing,,,,,,,,Yes,1.0,1,2.059955,102.595189,"https://www.google.com/maps/place/Pusat+Sri+Kenangan/@2.059955,102.59518899999999,14z/data=!4m8!1m2!2m1!1sPusat+Sri+Kenangan!3m4!1s0x31d1b8497d6f4095:0x40275e07c6eea96a!8m2!3d2.059955!4d102.59518899999999",2026-04-29
WCC Home care Muar,wcc-home-care-muar,/facilities/wcc-home-care-muar,Muar,,,Call for pricing,,,,,,,,,,0,2.0529934,102.5726935,"https://www.google.com/maps/place/WCC+Home+care+Muar/@2.0529934,102.5726935,14z/data=!4m8!1m2!2m1!1sWCC+Home+care+Muar!3m4!1s0x31d1b9e6b1d8299d:0xef14b773bfe20681!8m2!3d2.0529934!4d102.5726935",2026-04-29
Lilly Loving Hut Home Care,lilly-loving-hut-home-care,/facilities/lilly-loving-hut-home-care,,+60 13-781 2289,,Call for pricing,,,,,,,,Yes,4.3,7,1.8628246,102.9311711,"https://www.google.com/maps/place/Lilly+Loving+Hut+Home+Care/@1.8628246,102.9311711,14z/data=!4m8!1m2!2m1!1sLilly+Loving+Hut+Home+Care!3m4!1s0x31d051a8a15b04c5:0x745169850e2f4ac4!8m2!3d1.8628246!4d102.9311711",2026-04-29
Healthlife Old Folks Home,healthlife-old-folks-home,/facilities/healthlife-old-folks-home,,+60 19-769 9129,http://www.aixinliauyang.yolasite.com/https://www.facebook.com/AiXinLiaoYangZhongXin,Call for pricing,,,,,,,,,5.0,1,1.8482217,102.9403421,"https://www.google.com/maps/place/Healthlife+Old+Folks+Home/@1.8482216999999999,102.9403421,14z/data=!4m8!1m2!2m1!1sHealthlife+Old+Folks+Home!3m4!1s0x31d056d920901a85:0xf3371b205d2d1a36!8m2!3d1.8482216999999999!4d102.9403421",2026-04-29
Old Friends Care Center,old-friends-care-center,/facilities/old-friends-care-center,,+60 13-466 6966,,Call for pricing,,,,,,,,Yes,5.0,1,1.8491764,102.951151,"https://www.google.com/maps/place/Old+Friends+Care+Center/@1.8491764,102.951151,14z/data=!4m8!1m2!2m1!1sOld+Friends+Care+Center!3m4!1s0x31d057003acdef15:0xb3ed1e14c1aa5e1c!8m2!3d1.8491764!4d102.951151",2026-04-29
Caring Nursing Home,caring-nursing-home,/facilities/caring-nursing-home,,+60 7-435 2388,,Call for pricing,,,,,,,,,,0,1.843711,102.954467,"https://www.google.com/maps/place/Caring+Nursing+Home/@1.8437109999999999,102.954467,14z/data=!4m8!1m2!2m1!1sCaring+Nursing+Home!3m4!1s0x31d05722c8e90bf9:0xb874c07def349571!8m2!3d1.8437109999999999!4d102.954467",2026-04-29
Pusat Jagaan Warga Tua Hayati Care Centre,pusat-jagaan-warga-tua-hayati-care-centre,/facilities/pusat-jagaan-warga-tua-hayati-care-centre,,+60 11-7023 3470,,Call for pricing,,,,,,,,Yes,4.9,15,1.8619167,102.9492991,"https://www.google.com/maps/place/Pusat+Jagaan+Warga+Tua+Hayati+Care+Centre/@1.8619166999999999,102.94929909999999,14z/data=!4m8!1m2!2m1!1sPusat+Jagaan+Warga+Tua+Hayati+Care+Centre!3m4!1s0x31d05100660a5421:0x66e0a053c4842402!8m2!3d1.8619166999999999!4d102.94929909999999",2026-04-29
Golden Age Care Centre Batu Pahat,golden-age-care-centre-batu-pahat,/facilities/golden-age-care-centre-batu-pahat,Batu Pahat,+60 12-771 1083,https://www.gacc.com.my/index,Call for pricing,,,Nursing Home + Day Care + Assisted Living + Rehabilitation,"meals, nursing_care, physio, transport, activities, dementia_care",All,"English, BM, Mandarin",Unknown,Yes,1.3,3,1.8783413,102.9449117,"https://www.google.com/maps/place/Golden+Age+Care+Centre+Batu+Pahat/@1.8783413,102.94491169999999,14z/data=!4m8!1m2!2m1!1sGolden+Age+Care+Centre+Batu+Pahat!3m4!1s0x31d051e382731941:0xd3aef10a9edef272!8m2!3d1.8783413!4d102.94491169999999",2026-04-29
Adam & Eve Care Centre,adam-eve-care-centre,/facilities/adam-eve-care-centre,,+60 19-666 9941,,Call for pricing,,,,,,,,,,0,1.8493727,102.945616,"https://www.google.com/maps/place/Adam+%26+Eve+Care+Centre/@1.8493727,102.945616,14z/data=!4m8!1m2!2m1!1sAdam+%26+Eve+Care+Centre!3m4!1s0x31d05700566e5327:0x7eee5705446c2a12!8m2!3d1.8493727!4d102.945616",2026-04-29
Pusat Jagaan Wargatua Parit Bilal,pusat-jagaan-wargatua-parit-bilal,/facilities/pusat-jagaan-wargatua-parit-bilal,,+60 11-1682 6865,https://www.facebook.com/profile.php%3Fid%3D100063647223251,Call for pricing,,,,,,,,Yes,5.0,1,1.8868517,102.9483402,"https://www.google.com/maps/place/Pusat+Jagaan+Wargatua+Parit+Bilal/@1.8868517,102.94834019999999,14z/data=!4m8!1m2!2m1!1sPusat+Jagaan+Wargatua+Parit+Bilal!3m4!1s0x31d050574fb8d157:0xc575abd5b63e76df!8m2!3d1.8868517!4d102.94834019999999",2026-04-29
Cozzi Confinement Center | Sri Jaya 娘家精致月子中心,cozzi-confinement-center-sri-jaya,/facilities/cozzi-confinement-center-sri-jaya,,+60 12-756 6705,https://cozziconfinement.com.my/,Call for pricing,,,Nursing Home,"meals, laundry, nursing_care, transport, activities",Chinese-run,"English, Mandarin",Unknown,,5.0,1,1.8627162,102.9530191,"https://www.google.com/maps/place/Cozzi+Confinement+Center+%7C+Sri+Jaya+%E5%A8%98%E5%AE%B6%E7%B2%BE%E8%87%B4%E6%9C%88%E5%AD%90%E4%B8%AD%E5%BF%83/@1.8627162,102.95301909999999,14z/data=!4m8!1m2!2m1!1sCozzi+Confinement+Center+%7C+Sri+Jaya+%E5%A8%98%E5%AE%B6%E7%B2%BE%E8%87%B4%E6%9C%88%E5%AD%90%E4%B8%AD%E5%BF%83!3m4!1s0x31d051588c576bcf:0x38852809518cef02!8m2!3d1.8627162!4d102.95301909999999",2026-04-29
Cozzi Confinement Center | Tanah Merah 娘家精致月子中心,cozzi-confinement-center-tanah-merah,/facilities/cozzi-confinement-center-tanah-merah,,+60 12-756 6705,https://cozziconfinement.com.my/,Call for pricing,,,Nursing Home,"meals, laundry, nursing_care, transport, activities",Chinese-run,"English, Mandarin",Unknown,Yes,3.0,1,1.8503273,102.9462267,"https://www.google.com/maps/place/Cozzi+Confinement+Center+%7C+Tanah+Merah+%E5%A8%98%E5%AE%B6%E7%B2%BE%E8%87%B4%E6%9C%88%E5%AD%90%E4%B8%AD%E5%BF%83/@1.8503273,102.9462267,14z/data=!4m8!1m2!2m1!1sCozzi+Confinement+Center+%7C+Tanah+Merah+%E5%A8%98%E5%AE%B6%E7%B2%BE%E8%87%B4%E6%9C%88%E5%AD%90%E4%B8%AD%E5%BF%83!3m4!1s0x31d05745888c370b:0x6e53874129aaec27!8m2!3d1.8503273!4d102.9462267",2026-04-29
Pusat Jagaan Warga Emas Banang,pusat-jagaan-warga-emas-banang,/facilities/pusat-jagaan-warga-emas-banang,,+60 7-431 2998,,Call for pricing,,,,,,,,Yes,,0,1.8636485,102.9359677,"https://www.google.com/maps/place/Pusat+Jagaan+Warga+Emas+Banang/@1.8636484999999998,102.93596769999999,14z/data=!4m8!1m2!2m1!1sPusat+Jagaan+Warga+Emas+Banang!3m4!1s0x31d0512c992af3c3:0x44e7c8f7e63050e4!8m2!3d1.8636484999999998!4d102.93596769999999",2026-04-29
Pusat Jagaan Impian Syimah (Jalan Kemaman),pusat-jagaan-impian-syimah-jalan-kemaman,/facilities/pusat-jagaan-impian-syimah-jalan-kemaman,,+60 13-750 7134,https://www.facebook.com/PusatJagaanImpianSyimah,Call for pricing,,,,,,,,Yes,5.0,1,1.471446,103.7474903,"https://www.google.com/maps/place/Pusat+Jagaan+Impian+Syimah+%28Jalan+Kemaman%29/@1.471446,103.7474903,14z/data=!4m8!1m2!2m1!1sPusat+Jagaan+Impian+Syimah+%28Jalan+Kemaman%29!3m4!1s0x31da138507f052c3:0x8553304ca0fd9dfa!8m2!3d1.471446!4d103.7474903",2026-04-29
Pusat Jagaan Impian Syimah (Jalan Kemuncak),pusat-jagaan-impian-syimah-jalan-kemuncak,/facilities/pusat-jagaan-impian-syimah-jalan-kemuncak,,+60 13-750 7134,https://www.facebook.com/PusatJagaanImpianSyimah,Call for pricing,,,,,,,,Yes,3.5,11,1.4721886,103.7382648,"https://www.google.com/maps/place/Pusat+Jagaan+Impian+Syimah+%28Jalan+Kemuncak%29/@1.4721886,103.7382648,14z/data=!4m8!1m2!2m1!1sPusat+Jagaan+Impian+Syimah+%28Jalan+Kemuncak%29!3m4!1s0x31da12ae27a45b1f:0xb112242f939dc866!8m2!3d1.4721886!4d103.7382648",2026-04-29
Pusat Jagaan Darul Iftah,pusat-jagaan-darul-iftah,/facilities/pusat-jagaan-darul-iftah,,+60 14-940 4032,,Call for pricing,,,,,,,,Yes,4.4,7,1.4659117,103.7322849,"https://www.google.com/maps/place/Pusat+Jagaan+Darul+Iftah/@1.4659117,103.7322849,14z/data=!4m8!1m2!2m1!1sPusat+Jagaan+Darul+Iftah!3m4!1s0x31da13001de1f7e3:0xc81729a15436af22!8m2!3d1.4659117!4d103.7322849",2026-04-29
MediQas Sdn. Bhd.,mediqas-sdn-bhd,/facilities/mediqas-sdn-bhd,,+60 7-225 3118,,Call for pricing,,,,,,,,,,0,1.468896,103.734305,"https://www.google.com/maps/place/MediQas+Sdn.+Bhd./@1.468896,103.73430499999999,14z/data=!4m8!1m2!2m1!1sMediQas+Sdn.+Bhd.!3m4!1s0x31da12a8b6ae3d21:0xad86162f15a6a3d6!8m2!3d1.468896!4d103.73430499999999",2026-04-29
TSC Centre,tsc-centre,/facilities/tsc-centre,,+60 7-224 9000,,Call for pricing,,,,,,,,,,0,1.4704375,103.7365375,"https://www.google.com/maps/place/TSC+Centre/@1.4704374999999998,103.7365375,14z/data=!4m8!1m2!2m1!1sTSC+Centre!3m4!1s0x31da12b0c97bba3f:0x6f18489678d8d1fa!8m2!3d1.4704374999999998!4d103.7365375",2026-04-29
Pusat Jagaan Wargatua Amrita,pusat-jagaan-wargatua-amrita,/facilities/pusat-jagaan-wargatua-amrita,,+60 7-455 6992,,Call for pricing,,,,,,,,Yes,3.0,2,1.869024,102.9962392,"https://www.google.com/maps/place/Pusat+Jagaan+Wargatua+Amrita/@1.869024,102.99623919999999,14z/data=!4m8!1m2!2m1!1sPusat+Jagaan+Wargatua+Amrita!3m4!1s0x31d05a05e4f9fdf3:0x9cb96751fe589a22!8m2!3d1.869024!4d102.99623919999999",2026-04-29
Old Home Senior Care Centre,old-home-senior-care-centre,/facilities/old-home-senior-care-centre,,+60 12-756 1621,,Call for pricing,,,,,,,,,5.0,1,1.8646396,102.9358502,"https://www.google.com/maps/place/Old+Home+Senior+Care+Centre/@1.8646395999999998,102.93585019999999,14z/data=!4m8!1m2!2m1!1sOld+Home+Senior+Care+Centre!3m4!1s0x31d0512da57e87e9:0x224ad56c23e4f95d!8m2!3d1.8646395999999998!4d102.93585019999999",2026-04-29
BP Geriatrics Care Sdn Bhd House1,bp-geriatrics-care-sdn-bhd-house1,/facilities/bp-geriatrics-care-sdn-bhd-house1,,,,Call for pricing,,,,,,,,,4.0,1,1.876625,102.9425218,"https://www.google.com/maps/place/BP+Geriatrics+Care+Sdn+Bhd+House1/@1.876625,102.9425218,14z/data=!4m8!1m2!2m1!1sBP+Geriatrics+Care+Sdn+Bhd+House1!3m4!1s0x31d05187eefc6259:0xdd4a0afd15398bbf!8m2!3d1.876625!4d102.9425218",2026-04-29
ZAFRAH CARE CANTER (PJTZ),zafrah-care-canter-pjtz,/facilities/zafrah-care-canter-pjtz,,+60 6-981 1071,,Call for pricing,,,,,,,,Yes,5.0,2,1.9970157,102.6096818,"https://www.google.com/maps/place/ZAFRAH+CARE+CANTER+%28PJTZ%29/@1.9970157,102.60968179999999,14z/data=!4m8!1m2!2m1!1sZAFRAH+CARE+CANTER+%28PJTZ%29!3m4!1s0x31d1ba173aefbe5f:0x7e6177fdffb0a57e!8m2!3d1.9970157!4d102.60968179999999",2026-04-29
安心养老院 Elderia Care Center,elderia-care-center,/facilities/elderia-care-center,,+60 11-2803 0620,https://elderiacare.wixsite.com/elderia-care-center,Call for pricing,,,Nursing Home + Day Care,nursing_care,All,BM,Unknown,,,0,1.9285593,102.9407506,"https://www.google.com/maps/place/%E5%AE%89%E5%BF%83%E5%85%BB%E8%80%81%E9%99%A2+Elderia+Care+Center/@1.9285592999999999,102.9407506,14z/data=!4m8!1m2!2m1!1s%E5%AE%89%E5%BF%83%E5%85%BB%E8%80%81%E9%99%A2+Elderia+Care+Center!3m4!1s0x31d0518368b3e375:0xb05e2aaee9925ef7!8m2!3d1.9285592999999999!4d102.9407506",2026-04-29
Elim Nursing Home Batu Pahat 疗养院,elim-nursing-home-batu-pahat,/facilities/elim-nursing-home-batu-pahat,Batu Pahat,+60 11-1079 1685,https://www.facebook.com/elimnursinghomebp,Call for pricing,,,,,,,,Yes,3.0,2,1.9277393,102.9524632,"https://www.google.com/maps/place/Elim+Nursing+Home+Batu+Pahat+%E7%96%97%E5%85%BB%E9%99%A2/@1.9277392999999998,102.9524632,14z/data=!4m8!1m2!2m1!1sElim+Nursing+Home+Batu+Pahat+%E7%96%97%E5%85%BB%E9%99%A2!3m4!1s0x31d05189fb2a783b:0x2271d532775fa978!8m2!3d1.9277392999999998!4d102.9524632",2026-04-29
"pm 33, pusat jagaan sinar kasih",pm-33-pusat-jagaan-sinar-kasih,/facilities/pm-33-pusat-jagaan-sinar-kasih,,,,Call for pricing,,,,,,,,,,0,1.9135926,102.7019736,"https://www.google.com/maps/place/pm+33%2C+pusat+jagaan+sinar+kasih/@1.9135925999999999,102.7019736,14z/data=!4m8!1m2!2m1!1spm+33%2C+pusat+jagaan+sinar+kasih!3m4!1s0x31d1af725b6a9e25:0xe478fb58c23e431d!8m2!3d1.9135925999999999!4d102.7019736",2026-04-29
Ern Tien Nursing Home BP,ern-tien-nursing-home-bp,/facilities/ern-tien-nursing-home-bp,,,,Call for pricing,,,,,,,,Yes,,0,1.8707725,102.9052048,"https://www.google.com/maps/place/Ern+Tien+Nursing+Home+BP/@1.8707725,102.90520479999999,14z/data=!4m8!1m2!2m1!1sErn+Tien+Nursing+Home+BP!3m4!1s0x31d051509a5154dd:0x4490b9a69e49683e!8m2!3d1.8707725!4d102.90520479999999",2026-04-29
十方安老院,-2,/facilities/-2,,+60 11-1070 8122,,Call for pricing,,,,,,,,Yes,5.0,3,1.5351085,103.6304145,"https://www.google.com/maps/place/%E5%8D%81%E6%96%B9%E5%AE%89%E8%80%81%E9%99%A2/@1.5351085,103.6304145,14z/data=!4m8!1m2!2m1!1s%E5%8D%81%E6%96%B9%E5%AE%89%E8%80%81%E9%99%A2!3m4!1s0x31da75f4b786385d:0xfa563a05e68f622!8m2!3d1.5351085!4d103.6304145",2026-04-29
涵·疗养院 Hang Nursing Home (Gelang Patah Branch),hang-nursing-home-gelang-patah-branch,/facilities/hang-nursing-home-gelang-patah-branch,,+60 12-766 0927,https://m.facebook.com/pusatjagaanhang/,Call for pricing,,,,,,,,Yes,,0,1.4713853,103.5908792,"https://www.google.com/maps/place/%E6%B6%B5%C2%B7%E7%96%97%E5%85%BB%E9%99%A2+Hang+Nursing+Home+%28Gelang+Patah+Branch%29/@1.4713853,103.59087919999999,14z/data=!4m8!1m2!2m1!1s%E6%B6%B5%C2%B7%E7%96%97%E5%85%BB%E9%99%A2+Hang+Nursing+Home+%28Gelang+Patah+Branch%29!3m4!1s0x31da0b32e497484d:0x9936b8b9b7b1b3c1!8m2!3d1.4713853!4d103.59087919999999",2026-04-29
Green Garden Care Center Sdn Bhd,green-garden-care-center-sdn-bhd,/facilities/green-garden-care-center-sdn-bhd,,+60 7-686 9800,http://www.greengarden.com.my/,Call for pricing,,,Nursing Home,,All,"English, BM",Unknown,Yes,4.3,6,1.4182015,103.4329965,"https://www.google.com/maps/place/Green+Garden+Care+Center+Sdn+Bhd/@1.4182015,103.4329965,14z/data=!4m8!1m2!2m1!1sGreen+Garden+Care+Center+Sdn+Bhd!3m4!1s0x31d0a3ebf4b6a46d:0x9c28f3f5438d17f4!8m2!3d1.4182015!4d103.4329965",2026-04-29
Kluang Care Centre (Elder Care / Senior Care) 居銮疗养院/安老院/看护中心/乐龄中心,kluang-care-centre-elder-care-senior-care,/facilities/kluang-care-centre-elder-care-senior-care,Kluang,+60 19-743 0909,,Call for pricing,,,,,,,,,5.0,5,2.0628471,103.311046,"https://www.google.com/maps/place/Kluang+Care+Centre+%28Elder+Care+%2F+Senior+Care%29+%E5%B1%85%E9%8A%AE%E7%96%97%E5%85%BB%E9%99%A2%2F%E5%AE%89%E8%80%81%E9%99%A2%2F%E7%9C%8B%E6%8A%A4%E4%B8%AD%E5%BF%83%2F%E4%B9%90%E9%BE%84%E4%B8%AD%E5%BF%83/@2.0628471,103.31104599999999,14z/data=!4m8!1m2!2m1!1sKluang+Care+Centre+%28Elder+Care+%2F+Senior+Care%29+%E5%B1%85%E9%8A%AE%E7%96%97%E5%85%BB%E9%99%A2%2F%E5%AE%89%E8%80%81%E9%99%A2%2F%E7%9C%8B%E6%8A%A4%E4%B8%AD%E5%BF%83%2F%E4%B9%90%E9%BE%84%E4%B8%AD%E5%BF%83!3m4!1s0x31d06dccb3fec893:0x6d96f180318c2c57!8m2!3d2.0628471!4d103.31104599999999",2026-04-29
Pusat Jagaan Harian Warga Tua Kluang,pusat-jagaan-harian-warga-tua-kluang,/facilities/pusat-jagaan-harian-warga-tua-kluang,Kluang,+60 7-772 2434,,Call for pricing,,,,,,,,Yes,5.0,1,2.016281,103.319724,"https://www.google.com/maps/place/Pusat+Jagaan+Harian+Warga+Tua+Kluang/@2.0162809999999998,103.319724,14z/data=!4m8!1m2!2m1!1sPusat+Jagaan+Harian+Warga+Tua+Kluang!3m4!1s0x31d06dd1481933af:0x9e8f10bfdbbd2af1!8m2!3d2.0162809999999998!4d103.319724",2026-04-29
Pusat Jagaan Ler Lin,pusat-jagaan-ler-lin,/facilities/pusat-jagaan-ler-lin,,+60 7-773 8252,,Call for pricing,,,,,,,,Yes,4.7,3,2.0276691,103.3277539,"https://www.google.com/maps/place/Pusat+Jagaan+Ler+Lin/@2.0276691,103.32775389999999,14z/data=!4m8!1m2!2m1!1sPusat+Jagaan+Ler+Lin!3m4!1s0x31d06dc689ec247d:0xcd037d62716236a!8m2!3d2.0276691!4d103.32775389999999",2026-04-29
Khazanah Nursery,khazanah-nursery,/facilities/khazanah-nursery,,+60 13-720 0780,,Call for pricing,,,,,,,,,,0,2.0433756,103.3293271,"https://www.google.com/maps/place/Khazanah+Nursery/@2.0433756,103.3293271,14z/data=!4m8!1m2!2m1!1sKhazanah+Nursery!3m4!1s0x31d06da40e9de463:0xd0d2f77f1dd39037!8m2!3d2.0433756!4d103.3293271",2026-04-29
Rumah Sejahtera Yong Peng,rumah-sejahtera-yong-peng,/facilities/rumah-sejahtera-yong-peng,,+60 7-467 2517,,Call for pricing,,,,,,,,,3.0,1,2.0160347,103.058695,"https://www.google.com/maps/place/Rumah+Sejahtera+Yong+Peng/@2.0160347,103.058695,14z/data=!4m8!1m2!2m1!1sRumah+Sejahtera+Yong+Peng!3m4!1s0x31d0469f7d415315:0xc09a057491c9f548!8m2!3d2.0160347!4d103.058695",2026-04-29
Pusat Jagaan Teduhan Zafrah (Warga Emas & OKU) LELAKI,pusat-jagaan-teduhan-zafrah-warga-emas-oku-lelaki,/facilities/pusat-jagaan-teduhan-zafrah-warga-emas-oku-lelaki,,+60 13-311 9462,,Call for pricing,,,,,,,,Yes,4.9,12,2.0236378,102.5889209,"https://www.google.com/maps/place/Pusat+Jagaan+Teduhan+Zafrah+%28Warga+Emas+%26+OKU%29+LELAKI/@2.0236378,102.58892089999999,14z/data=!4m8!1m2!2m1!1sPusat+Jagaan+Teduhan+Zafrah+%28Warga+Emas+%26+OKU%29+LELAKI!3m4!1s0x31d1b9e732af43b7:0x6191f2351f89c26f!8m2!3d2.0236378!4d102.58892089999999",2026-04-29
Persatuan Kebajikan Orang Tua Ceria,persatuan-kebajikan-orang-tua-ceria,/facilities/persatuan-kebajikan-orang-tua-ceria,,+60 7-558 5362,,Call for pricing,,,,,,,,Yes,4.4,11,1.513252,103.657048,"https://www.google.com/maps/place/Persatuan+Kebajikan+Orang+Tua+Ceria/@1.513252,103.65704799999999,14z/data=!4m8!1m2!2m1!1sPersatuan+Kebajikan+Orang+Tua+Ceria!3m4!1s0x31da733b82f6db45:0xf3f73331f4bfd5ba!8m2!3d1.513252!4d103.65704799999999",2026-04-29
Amitabha Foundation (Amitabha Malaysia),amitabha-foundation-amitabha-malaysia,/facilities/amitabha-foundation-amitabha-malaysia,,+60 7-213 2448,https://en.amitabhamalaysia.org/,Call for pricing,,,Day Care,"meals, activities",Chinese-run,"English, BM",Unknown,Yes,4.4,0,1.4865781,103.7242632,"https://www.google.com/maps/place/Amitabha+Foundation+%28Amitabha+Malaysia%29/@1.4865781,103.7242632,14z/data=!4m8!1m2!2m1!1sAmitabha+Foundation+%28Amitabha+Malaysia%29!3m4!1s0x31da73e3fdaae465:0x8e2f561f93ec608f!8m2!3d1.4865781!4d103.7242632",2026-04-29
Roseville Villa Residential Home Care,roseville-villa-residential-home-care-2,/facilities/roseville-villa-residential-home-care-2,,+60 14-736 7763,,Call for pricing,,,,,,,,Yes,5.0,4,1.5570791,103.4008587,"https://www.google.com/maps/place/Roseville+Villa+Residential+Home+Care/@1.5570791,103.4008587,14z/data=!4m8!1m2!2m1!1sRoseville+Villa+Residential+Home+Care!3m4!1s0x31d09b7baeec7259:0xadfb364a4c6e18bd!8m2!3d1.5570791!4d103.4008587",2026-04-29
Pusat Jagaan Sri Santaville,pusat-jagaan-sri-santaville,/facilities/pusat-jagaan-sri-santaville,,+60 7-687 4190,,Call for pricing,,,,,,,,Yes,,0,1.489484,103.388585,"https://www.google.com/maps/place/Pusat+Jagaan+Sri+Santaville/@1.489484,103.38858499999999,14z/data=!4m8!1m2!2m1!1sPusat+Jagaan+Sri+Santaville!3m4!1s0x31d0986e1a6a0871:0x2ab9574beef8157e!8m2!3d1.489484!4d103.38858499999999",2026-04-29
德安安养院 Dion Confinement Center,dion-confinement-center,/facilities/dion-confinement-center,,+60 17-260 1236,,Call for pricing,,,,,,,,Yes,4.0,1,1.5544843,103.8046004,"https://www.google.com/maps/place/%E5%BE%B7%E5%AE%89%E5%AE%89%E5%85%BB%E9%99%A2+Dion+Confinement+Center/@1.5544843,103.8046004,14z/data=!4m8!1m2!2m1!1s%E5%BE%B7%E5%AE%89%E5%AE%89%E5%85%BB%E9%99%A2+Dion+Confinement+Center!3m4!1s0x31da6f8e91710885:0x3a91c50d5608a39e!8m2!3d1.5544843!4d103.8046004",2026-04-29
House Of Joy,house-of-joy,/facilities/house-of-joy,,+60 11-2632 2502,,Call for pricing,,,,,,,,Yes,5.0,1,1.5112919,103.6903504,"https://www.google.com/maps/place/House+Of+Joy/@1.5112919,103.6903504,14z/data=!4m8!1m2!2m1!1sHouse+Of+Joy!3m4!1s0x31da72f96efa4395:0x2e21e933ef4f967e!8m2!3d1.5112919!4d103.6903504",2026-04-29
Magna Resort Sdn. Bhd.,magna-resort-sdn-bhd,/facilities/magna-resort-sdn-bhd,,+60 7-234 8899,,Call for pricing,,,,,,,,,,0,1.519157,103.6968291,"https://www.google.com/maps/place/Magna+Resort+Sdn.+Bhd./@1.5191569999999999,103.6968291,14z/data=!4m8!1m2!2m1!1sMagna+Resort+Sdn.+Bhd.!3m4!1s0x31da7259a1c30d29:0x6758c86923e53dc4!8m2!3d1.5191569999999999!4d103.6968291",2026-04-29
Pusat Sri Kenangan 乐龄安养中心,pusat-sri-kenangan-3,/facilities/pusat-sri-kenangan-3,,+60 12-998 3690,,Call for pricing,,,,,,,,Yes,3.0,4,2.1018247,102.5223617,"https://www.google.com/maps/place/Pusat+Sri+Kenangan+%E4%B9%90%E9%BE%84%E5%AE%89%E5%85%BB%E4%B8%AD%E5%BF%83/@2.1018247,102.52236169999999,14z/data=!4m8!1m2!2m1!1sPusat+Sri+Kenangan+%E4%B9%90%E9%BE%84%E5%AE%89%E5%85%BB%E4%B8%AD%E5%BF%83!3m4!1s0x31d1c0ae5cca4b35:0xd8d54f4f89107c08!8m2!3d2.1018247!4d102.52236169999999",2026-04-29
Yang Xin Nursing Home (养心托管安老院),yang-xin-nursing-home,/facilities/yang-xin-nursing-home,,+60 16-768 6682,https://www.facebook.com/profile.php%3Fid%3D100084633097437%26locale%3Dzh_CN,Call for pricing,,,,,,,,,,0,1.5129192,103.738461,"https://www.google.com/maps/place/Yang+Xin+Nursing+Home+%28%E5%85%BB%E5%BF%83%E6%89%98%E7%AE%A1%E5%AE%89%E8%80%81%E9%99%A2%29/@1.5129192,103.738461,14z/data=!4m8!1m2!2m1!1sYang+Xin+Nursing+Home+%28%E5%85%BB%E5%BF%83%E6%89%98%E7%AE%A1%E5%AE%89%E8%80%81%E9%99%A2%29!3m4!1s0x31da6d0049b9fc49:0x88ae1533c7e7a5d3!8m2!3d1.5129192!4d103.738461",2026-04-29
JETA CARE SDN. BHD,jeta-care-sdn-bhd,/facilities/jeta-care-sdn-bhd,"Kulai, Johor",,http://www.jetacare.com/,Call for pricing,,,Nursing Home + Day Care + Assisted Living + Rehabilitation,"meals, laundry, nursing_care, physio, doctor_visit, activities, dementia_care, palliative",All,"English, BM, Mandarin",Yes,,,,,,,2026-04-29
